name	lat	lon	language
Белъелда	NA	NA	Avar
Гъерел	NA	NA	Avar
Гъортноб	NA	NA	Avar
Кайса	NA	NA	Avar
Паркет	NA	NA	Avar
Цалда	NA	NA	Avar
Ч1орода	NA	NA	Avar
Nidzh	40.94	47.66833	Udi
Oguz	41.07083	47.45833	Udi
Khaput	41.142778	48.194444	Kryz
Alyk	41.1775	48.23694	Kryz
Khynalyg	41.17778	48.12694	Khinalugh
Budug	41.18611	48.36861	Budukh
Dzhek	41.19694	48.24167	Kryz
Yergyudzh	41.209167	48.283056	Kryz
Kryz	41.21556	48.24667	Kryz
Kryz-Dekhne	41.234681	48.304612	Kryz
Fiy	41.289126	47.564416	Lezgian
Gdym	41.30884	47.4668	Lezgian
Tekipirkent	41.34201	47.88615	Lezgian
Ukhul	41.35303	47.74081	Lezgian
Kaladzhukh	41.366176	47.908075	Lezgian
Mikrakh	41.37481	47.882489	Lezgian
Khnov	41.378607	47.443605	Rutul
Kiler	41.37989	47.90199	Lezgian
Smugul	41.381678	47.633713	Lezgian
Kerimkhanar	41.38344	47.90279	Lezgian
Gandurar	41.38569	47.90811	Lezgian
Esetar	41.38995	47.91008	Lezgian
Midzhakh	41.395434	47.6411	Lezgian
Demirar	41.400895	47.908161	Lezgian
Chuvalar	41.40603	47.9094	Lezgian
Karakyure	41.417413	47.962618	Lezgian
Dzhaba	41.424175	47.775397	Lezgian
Miskindzha	41.4242	47.8428	Lezgian
Usukhchay	41.424736	47.922987	Lezgian
Kurukal	41.43333	47.6875	Lezgian
Novoe Karakyure	41.439123	47.948062	Lezgian
Gdynk	41.457263	47.657293	Lezgian
Akhty	41.45904	47.746695	Lezgian
Kaluk	41.47193	47.65696	Lezgian
Khkem	41.4723	47.76363	Lezgian
Maka-Kazmalyar	41.475347	48.017994	Lezgian
Kaka	41.478513	47.636857	Lezgian
Garakh	41.48148	48.04608	Lezgian
Lutkun	41.4844	47.6861	Lezgian
Khryug	41.4892	47.6044	Lezgian
Zrykh	41.49105	47.564736	Lezgian
Khlyut	41.496274	47.533824	Lezgian
Bakhtsug	41.50975	47.95065	Lezgian
Mugergan	41.519797	48.175977	Lezgian
Kochkhyur (Kuchkhyur)	41.5225	47.86562	Lezgian
Akhnig	41.5232	47.99481	Lezgian
Lakun	41.52402	47.53252	Lezgian
Kiche	41.53146	47.48171	Rutul
Yalak	41.532245	47.605391	Lezgian
Rutul	41.5342	47.4269	Rutul
Kirka	41.5369	48.1894	Lezgian
Khorel'	41.53763	48.20011	Lezgian
Həsənbinə	41.543056	46.480278	Avar
Kutul	41.54576	47.9666	Lezgian
Aşağı Çardaxlar	41.5458116	46.3375424	Avar
Dzhepel'	41.54977	48.21947	Lezgian
Igrakh	41.5525	47.52831	Lezgian
Danaçı	41.5539955	46.3888687	Avar
Shtul	41.554702	47.919293	Lezgian
Khyurekhyur	41.5591	47.7417	Lezgian
Kabir	41.5592	48.0444	Lezgian
Gil'yar	41.559978	48.256089	Lezgian
Ikra	41.5633	48.0094	Lezgian
Yolayrıc	41.563889	46.486389	Avar
Kufa	41.564115	47.376937	Rutul
Zukhrabkent	41.56687	48.1529	Lezgian
Vöhtala	41.57	46.517222	Avar
Kuysun	41.57303	48.28712	Lezgian
Höytala	41.580278	46.493333	Avar
Kurdul	41.581424	47.177309	Tsakhur
Iche	41.58146	47.509933	Lezgian
Khnyukh	41.58289	47.43299	Rutul
Tatarkhankent	41.58361	48.09608	Lezgian
Khtun	41.58408	48.1739	Lezgian
Kurakh	41.5842	47.7842	Lezgian
Ptikent	41.58452	48.10959	Lezgian
Yuxarı Çardaxlar	41.5847495	46.7100901	Avar
Saytarkent	41.58508	48.12701	Lezgian
Maqov	41.590556	46.493889	Avar
Piperkent	41.59186	48.14726	Lezgian
Ashakent	41.59479	47.87241	Lezgian
Rugun	41.595917	47.995977	Lezgian
Kakhtsug	41.59957	48.06005	Lezgian
Butkent	41.60008	48.17998	Lezgian
Kukvaz	41.60103	47.70543	Lezgian
Sarag	41.60273	48.0164	Lezgian
Ullugatag	41.6031	48.1256	Lezgian
Aşağı Tala	41.603333	46.639444	Avar
Amsar	41.60348	47.33116	Rutul
Shikhikent	41.604121	48.165102	Lezgian
Abaəli	41.604701	46.5362941	Avar
Paşan	41.606389	46.481389	Avar
Dardoqqaz	41.6096771	46.5362028	Avar
Luchek	41.60988	47.307307	Rutul
Çökəkoba	41.611111	46.645833	Avar
Ispik	41.61489	48.19118	Lezgian
Uzuntala	41.615556	46.451667	Avar
Ashar	41.615664	47.663417	Lezgian
Zaqatala	41.615991	46.60675	Avar
Göyəm	41.6163962	46.5834152	Avar
Kina	41.6166	47.2647	Rutul
Sumaylı	41.6172706	46.5632128	Avar
Magaramkent	41.6186	48.3514	Lezgian
Shinaz	41.618658	47.375666	Rutul
Khpedzh	41.62212	47.72586	Lezgian
Tuyurbina	41.62333	46.55694	Avar
Yuxarı Tala	41.623333	46.660556	Avar
Yukhari-Kartas	41.62364	48.10125	Lezgian
Gel'mets	41.62466	47.17889	Tsakhur
Asalikent	41.6298	48.16777	Lezgian
Sal'yan	41.63006	48.19895	Lezgian
Biçiqarbinə	41.631667	46.363056	Avar
Ashagakartas	41.63177	48.1193	Lezgian
Mollaçibinə	41.633333	46.45	Avar
Novyy Ispik	41.63566	48.18933	Lezgian
Püştətala	41.637222	46.409167	Avar
Mikikh	41.63753	47.16822	Tsakhur
Beretbinə	41.638056	46.477222	Avar
Mazımqarışan	41.638889	46.263056	Avar
Kebeloba	41.6410078	46.6324353	Avar
Zilban	41.6450246	46.6569721	Avar
Vrush	41.646787	47.310094	Rutul
Roçəhməd	41.648333	46.386944	Avar
Khnyakh	41.648441	47.153831	Tsakhur
Syugut	41.64944	47.11833	Tsakhur
Tsakhur	41.651115	47.135943	Tsakhur
Shimikhyur	41.6539	47.6994	Lezgian
Dzhilikhur	41.65545	47.26768	Rutul
Tselyagyun	41.6569	48.2889	Lezgian
Katex	41.6570438	46.4771274	Avar
Muslakh	41.65889	47.11185	Tsakhur
Gel'khen	41.659002	47.602833	Lezgian
Mazıx	41.6607203	46.5466254	Avar
Akhvakh-Dere	41.6624507	46.6360615	Akhvakh
Car	41.6630304	46.6411466	Avar
Mishlesh	41.6649	47.089775	Tsakhur
Tsudik	41.66611	47.28056	Rutul
Khpyuk	41.66667	47.66667	Aghul
Ottal	41.667678	47.012864	Tsakhur
Myukhrek	41.667696	47.280013	Rutul
Kachalkent	41.66885	48.04288	Lezgian
Korsh	41.66952	47.06211	Tsakhur
Dzhinykh	41.67245	47.04479	Tsakhur
Usug	41.672481	47.594624	Aghul
Aran	41.67389	47.24639	Rutul
Kasumkent	41.6789	48.1394	Lezgian
Kvardal	41.6803	47.56277	Aghul
Ashaga-Stal-Kazmalyar	41.681705	48.218336	Lezgian
Ichin	41.68263	47.99189	Lezgian
Tsmur	41.6842	48.0567	Lezgian
Kal'yal	41.684366	47.003665	Tsakhur
Qəbizdərə	41.6937098	46.5720532	Avar
Ikhrek	41.693931	47.210005	Rutul
Ukuz	41.696017	47.591355	Aghul
Novyy Usur	41.69639	48.35444	Lezgian
Tsnal	41.69641	47.99767	Lezgian
Ashaga-Stal	41.69724	48.19462	Lezgian
Yukhari-Zakhit	41.69779	47.9426	Lezgian
Şambul	41.699167	46.275	Avar
Çədərovtala	41.7002104	46.2805503	Avar
Mukhakh	41.70068	46.991105	Tsakhur
Khveredzh	41.70206	47.57218	Aghul
Saidkent	41.70213	48.11319	Lezgian
Meşəşambul	41.703333	46.273333	Avar
Orta-Stal	41.70335	48.17075	Lezgian
Gereykhanovskoe	41.7047	48.2869	Lezgian
But-Kazmalyar	41.705274	48.396665	Lezgian
Yukhari-Stal	41.70734	48.1548	Lezgian
Tslak	41.71272	47.93997	Lezgian
Kurkent	41.7133	48.1094	Lezgian
Bedyuk	41.716044	47.525715	Aghul
Alkadar	41.7163	48.08667	Lezgian
Trkal	41.716681	47.970481	Lezgian
Xalatala	41.7168652	46.1896965	Avar
Filya	41.71803	48.46103	Lezgian
Ashaga-Tsinit	41.72324	48.00882	Lezgian
Khodzha-Kazmalyar	41.72534	48.438	Lezgian
Sardarkent	41.7255	48.0622	Lezgian
Novyy Aul	41.731837	48.399957	Lezgian
Zakhit	41.732197	48.369784	Lezgian
Şərif	41.733333	46.25	Avar
Ashaga-Arkhit	41.734607	47.97302	Lezgian
Qullar	41.736667	46.448333	Avar
Mahamalar	41.737222	46.396111	Avar
Yukhari-Arkhit	41.7405	47.95878	Lezgian
Koshkent	41.7414	48.0386	Lezgian
Chilikar	41.74196	48.065	Lezgian
Nizhniy Katrukh	41.742979	47.203482	North Azerbaijani
Verkhniy Katrukh	41.7468	47.22355	Lak
Khoredzh	41.74914	47.8667	Tabasaran
Kabir-Kazmalyar	41.7498	48.48848	Lezgian
Kontsil'	41.751813	48.018508	Lezgian
Khiv	41.7533	47.9286	Tabasaran
Goa	41.753585	47.703213	Aghul
Nyutyug	41.75392	48.11773	Lezgian
Ekendil'	41.75518	48.13179	Lezgian
Klichkhan	41.75569	48.42533	Lezgian
Laka	41.75705	47.88114	Tabasaran
Asakent	41.75759	48.00748	Lezgian
Kchun-Kazmalyar	41.76261	48.48966	Lezgian
Bugdatepe	41.76286	48.39293	Lezgian
Eminkhyur	41.76332	48.33115	Lezgian
Richa	41.763646	47.502769	Aghul
Duldug	41.76833	47.67438	Aghul
Zizik	41.7692	48.1097	Lezgian
Kug	41.7711	47.9647	Lezgian
Novaya Maka	41.772025	48.359721	Lezgian
Karchag	41.77369	48.15948	Lezgian
Arakul	41.77377	47.21238	Lak
Oruzhba	41.775686	48.432854	Lezgian
Zaza	41.77734	48.04628	Lezgian
Chukhverkent	41.77797	48.37314	Lezgian
Tpig	41.780423	47.589523	Aghul
Kusur	41.781293	46.949207	Avar
Tsuduk	41.78225	47.89671	Tabasaran
Archug	41.7843	47.86009	Tabasaran
Khutkhul	41.78517	47.61451	Aghul
Chakhchakh-Kazmalyar	41.78651	48.50046	Lezgian
Yargil'	41.79004	47.95429	Tabasaran
Fite	41.79161	47.73998	Aghul
Yarkug	41.79814	47.68435	Aghul
Yarukvalar	41.79842	48.41318	Lezgian
Kondik	41.8028	47.8733	Tabasaran
Darkush-Kazmalyar	41.80608	48.38985	Lezgian
Mezhgyul'	41.8061	48.0075	Tabasaran
Burkikhan	41.806356	47.538467	Aghul
Chere	41.80685	48.0425	Tabasaran
Chuvek	41.807699	47.901711	Tabasaran
Misi	41.80991	47.60329	Aghul
Khtun-Kazmalyar	41.81114	48.51884	Lezgian
Zil'dik	41.81292	47.98958	Tabasaran
Tagirkent-Kazmalyar	41.814927	48.511106	Lezgian
Kartas-Kazmalyar	41.81717	48.39484	Lezgian
Bil'bil'-Kazmalyar	41.82188	48.5448	Lezgian
Ashaga-Yarak	41.822988	47.952033	Tabasaran
Kushtil'	41.8289	47.8894	Tabasaran
Samur	41.829176	48.487012	Lezgian
Azadogly	41.83019	48.44848	Lezgian
Kullar	41.8364	48.3878	Lezgian
Kurag	41.836764	47.661351	Aghul
Yukhari-Yarak	41.83714	47.94825	Tabasaran
Chirag	41.8381	47.4303	Dargwa
Kumuk	41.839407	48.420118	Lezgian
Sirtich	41.8406	48.2347	Tabasaran
Nichras	41.84358	48.01174	Tabasaran
Primorskiy	41.845694	48.580097	Lezgian
Novyy Frig	41.85306	48.35743	Lezgian
Khudig	41.85373	47.65854	Aghul
Gyukhryag	41.854055	48.172785	Tabasaran
Turag	41.8586	47.9744	Tabasaran
Nyugdi	41.85872	48.43455	Lezgian
Khursatil'	41.862503	47.793991	Tabasaran
Furdag	41.86348	47.86215	Tabasaran
Arsug	41.86408	47.65011	Aghul
Urga	41.869933	47.85522	Tabasaran
Belidzhi	41.870833	48.388611	Lezgian
Vertil'	41.87358	47.85893	Tabasaran
Kulig	41.874076	47.865347	Tabasaran
Garig	41.8766	47.88498	Tabasaran
Atrik	41.88042	47.78046	Tabasaran
Lyakhlya	41.88087	47.87761	Tabasaran
Chulat	41.880921	48.154399	Tabasaran
Dzhuli	41.8822	47.85399	Tabasaran
Khyuryak	41.88238	48.07289	Tabasaran
Kuvig	41.88482	47.886538	Tabasaran
Urtil'	41.89153	47.89347	Tabasaran
Sika	41.89173	47.97821	Tabasaran
Gumi	41.894319	47.868304	Tabasaran
Rubas	41.895476	48.329618	North Azerbaijani
Burshag	41.89626	47.64102	Aghul
Zinobiani	41.89694	45.93306	Udi
Burgankent	41.89939	48.06439	Tabasaran
Aglobi	41.90152	48.35017	Lezgian
Afna	41.902075	47.861413	Tabasaran
Saruso	41.9034507	45.991913	Hunzib
Sikukh	41.90457	47.84596	Tabasaran
Khalag	41.90551	47.88935	Tabasaran
Turuf	41.90569	48.00688	Tabasaran
Kyuryag	41.907094	47.853636	Tabasaran
Aladash	41.907149	48.349478	Lezgian
Muzaim	41.90837	48.29136	North Azerbaijani
Tivi	41.9086801	45.9489227	Avar
Kamilukh	41.90911	46.63101	Avar
Chantlisqure	41.9095028	45.9071768	Bezhta
Bukhnag	41.910587	47.872994	Tabasaran
Kurkak	41.91096	47.971699	Tabasaran
Tinit	41.9131	48.0592	Tabasaran
Khanak	41.91373	47.86645	Tabasaran
Dirbakmakhi	41.914	47.4928	Dargwa
Amukh	41.9142	47.5422	Dargwa
Tsirkhe	41.91513	47.59679	Aghul
Anklukh	41.91667	47.53333	Dargwa
Genekolob	41.916992	46.600199	Avar
Vechrik	41.9171	47.96184	Tabasaran
Guvlig	41.91824	47.85213	Tabasaran
Tsurtil'	41.918365	47.932001	Tabasaran
Dzhugdil'	41.919222	47.979531	Tabasaran
Mollakent	41.9233	48.3864	Lezgian
Gasikh	41.92398	47.8847	Tabasaran
Firgil'	41.92507	48.02587	Tabasaran
Sertil'	41.92531	47.86522	Tabasaran
Ushnyug	41.92639	48.00306	Tabasaran
Kuvag	41.926587	47.90245	Tabasaran
Akka	41.92686	47.9297	Tabasaran
Dagni	41.931594	47.911846	Tabasaran
Avadan	41.93376	48.33858	Lezgian
Arablyar	41.935	48.38306	Lezgian
Dyuzler	41.93583	48.265	Tabasaran
Kharkhni	41.939561	47.880088	Tabasaran
Tsukhdyg	41.94056	47.98139	Tabasaran
Tsanak	41.94266	48.04137	North Azerbaijani
Gerel'	41.94451	46.551888	Avar
Gisik	41.94475	47.91451	Tabasaran
Kharag	41.945423	47.825106	Tabasaran
Gelinbatan	41.94722	48.16722	Aghul
Arkit	41.947308	48.014025	Tabasaran
Khuchni	41.947717	47.945961	Tabasaran
Shile	41.94774	47.82939	Tabasaran
Urzig	41.94811	47.84992	Tabasaran
Betel'da	41.95077	46.54164	Avar
Lyakhe	41.952293	47.914701	Tabasaran
Kyurek	41.95258	47.85934	Tabasaran
Churdaf	41.95272	47.8636	Tabasaran
Dzhul'dzhag	41.95485	47.88933	Tabasaran
Tsantil'	41.95508	47.86271	Tabasaran
Kuzhnik	41.95549	47.82231	Tabasaran
Rushul'	41.9567	48.01232	Tabasaran
Uluz	41.95721	47.83714	Tabasaran
Dzhul'dzhinif	41.957235	47.912939	Tabasaran
Kunki	41.95923	47.47173	Dargwa
Kulif	41.95955	47.88391	Tabasaran
Ashty	41.961098	47.502559	Dargwa
Arak	41.96112	47.98984	Tabasaran
Turaga	41.96152	47.80188	Dargwa
Gortnob	41.962665	46.525604	Avar
Yurgulig	41.962775	47.896658	Tabasaran
Gurik	41.962788	47.919474	Tabasaran
Yergyunyag	41.96295	47.89501	Tabasaran
Maraga	41.9633	48.1208	North Azerbaijani
Ul'geb	41.964253	46.523688	Avar
Pendzhi (Penzhik)	41.966	48.05	North Azerbaijani
Khuduts	41.96638	47.51297	Dargwa
Yekrag	41.967212	48.044297	North Azerbaijani
Kheli	41.967458	48.058177	North Azerbaijani
Arablinskoe	41.9675	48.3303	Lezgian
Kirki	41.96917	47.81333	Dargwa
Lidzhe	41.97245	47.98057	Tabasaran
Pilig	41.97418	47.8687	Tabasaran
Khanag	41.97444	47.90333	Tabasaran
Salda	41.97497	46.50848	Avar
Shilansha	41.97502	47.78696	Dargwa
Novoe Lidzhe	41.976624	48.008813	Tabasaran
Rugudzh	41.976755	47.89161	Tabasaran
Yagdyg	41.980115	47.970578	Tabasaran
Choroda	41.98096	46.49696	Avar
Vavilovo	41.98331	48.33065	Lezgian
Surkhavkent	41.983999	47.827576	Dargwa
Khurik	41.98583	47.89861	Tabasaran
Khapil'	41.98722	47.97731	Tabasaran
Rukel'	41.9881	48.2253	North Azerbaijani
Nizhniy Dzhalgan	41.99007	48.31898	North Azerbaijani
Shuragat	41.99186	47.83994	Dargwa
Varsit	41.992062	47.82111	Dargwa
Tatil'	41.99269	47.98826	Tabasaran
Khosrekh	41.9939	47.2706	Lak
Khazar	41.9944	48.3375	North Azerbaijani
Mugarty	41.9947	48.1614	North Azerbaijani
Zil'	41.99616	48.03356	North Azerbaijani
Itsari	41.99733	47.5833	Dargwa
Gagar	41.999252	46.592744	Avar
Kirtsik	42.00129	47.84068	Dargwa
Khustil'	42.00335	47.93489	Tabasaran
Pilyaki	42.00537	47.85667	Dargwa
Ayatsimakhi	42.00618	47.46117	Dargwa
Karbuchimakhi	42.007461	47.429948	Dargwa
Adaga	42.00972	47.71357	Dargwa
Tsimguda	42.01269	46.5665	Avar
Nikabarkmakhi	42.01667	47.41667	Dargwa
Mitagi	42.01736	48.19083	North Azerbaijani
Tokhota	42.0178	46.4639	Avar
Yersi	42.018844	48.012897	North Azerbaijani
Gurkhun'	42.0203	47.92712	Tabasaran
Dyubek	42.0208	47.969528	Tabasaran
Darvag	42.022285	48.065912	North Azerbaijani
Kuli	42.0227595	47.2387802	Lak
Dzhalgan	42.02454	48.26224	North Azerbaijani
Sur-Surbachi	42.02667	47.49157	Dargwa
Karashimakhi	42.02781	47.3975	Dargwa
Tlyanada	42.02864	46.51038	Avar
Verkhnie Chiamakhi	42.02996	47.38803	Dargwa
Bukkamakhi	42.03148	47.41884	Dargwa
Burshi	42.03161	47.06349	Lak
Saniorta	42.03195	46.44246	Avar
Mitagi-Kazmalyar	42.035494	48.204804	North Azerbaijani
Duregi	42.03585	47.76541	Dargwa
Kubatl'	42.03659	46.85973	Archi
Nizhnie Chiamakhi	42.036598	47.39	Dargwa
Tsovkra Vtoraya	42.03978	47.1526	Lak
Bazhluk	42.040295	47.808314	Dargwa
Sumiya	42.04344	47.45616	Dargwa
Urkhulakar	42.04352	47.40002	Dargwa
Zemo-Alvani	42.04444	45.30083	Bats
Kassagumakhi	42.044941	47.371867	Dargwa
Kaddamakhi	42.045284	47.356444	Dargwa
Bikalamakhi	42.04647	47.36054	Dargwa
Sumbatl'	42.04682	47.21919	Lak
Gunnamakhi	42.04729	47.37328	Dargwa
Nitilsukh	42.04732	46.42938	Avar
Talsukh	42.04741	46.40589	Avar
Guzbaya	42.04744	47.51385	Dargwa
Ruka	42.04751	47.92312	Dargwa
Shilyagi	42.0486	47.7903	Dargwa
Garakolob	42.048887	46.455015	Avar
Dzilebki	42.04989	47.55693	Dargwa
Nizhniy Karshli	42.049911	47.343884	Dargwa
Verkhniy Karshli	42.05018	47.34231	Dargwa
Dzhavgat	42.0506	47.9375	Dargwa
Zid'yan	42.050776	48.142558	North Azerbaijani
Ritlyab	42.05087	46.71917	Avar
Kishamakhi	42.051	47.44197	Dargwa
Alchunib	42.05196	46.86943	Archi
Mashaty	42.05398	47.88286	Dargwa
Khulabarkmakhi	42.05455	47.45676	Dargwa
Kulidzha	42.054682	47.772754	Dargwa
Rosnob	42.055	46.41194	Avar
Uzralmakhi	42.05782	47.44987	Dargwa
Arassamakhi	42.0579	47.40111	Dargwa
Khilikh	42.05838	46.88751	Archi
Tsovkra 1-ya	42.05917	47.27056	Lak
Tsumilukh	42.05974	46.41242	Avar
Dzhibakhni	42.06051	47.90847	Dargwa
Shiri (Shari)	42.060627	47.589895	Dargwa
Dzhigiya	42.06139	47.79597	Dargwa
Urzhagimakhi	42.06149	47.37056	Dargwa
Sabnova	42.063172	48.254419	North Azerbaijani
Duakar	42.064159	47.460081	Dargwa
Keserib	42.0647	46.888	Archi
Utsulimakhi	42.064935	47.42661	Dargwa
Archib	42.0664	46.8678	Archi
Mukrakari	42.06667	47.5	Dargwa
Siragi	42.06667	47.56667	Dargwa
Urkutamakhi 2-aya	42.06667	47.53333	Dargwa
Amuzgi	42.068009	47.597806	Dargwa
Uragi	42.06914	47.569377	Dargwa
Mizhigli	42.0697	47.79989	Dargwa
Kulegu	42.07003	47.88401	Dargwa
Kalib	42.07054	46.86002	Archi
Dzhinabi	42.070864	47.860318	Dargwa
Urkutamakhi Pervaya	42.07093	47.52058	Dargwa
Gul'dy	42.07113	47.68936	Dargwa
Vachi	42.0722	47.2136	Lak
Lischa	42.072834	47.740462	Dargwa
Kubrimakhi	42.073018	47.372684	Dargwa
Ayatsuri	42.07354	47.45121	Dargwa
Nikar	42.0737	46.406903	Avar
Butri	42.07426	47.44048	Dargwa
Butulta	42.07426	47.44048	Dargwa
Natsi	42.075335	47.38728	Dargwa
Khitab	42.07538	46.867234	Archi
Nakhki	42.07562	47.39905	Dargwa
Kaya	42.0765	47.20219	Lak
Surgiya	42.077112	47.717301	Dargwa
Kuliyamakhi	42.07717	47.33501	Dargwa
Tsushar	42.0774	47.14038	Lak
Karayamakhi	42.07822	47.34643	Dargwa
Tuzlamakhi	42.07877	47.36836	Dargwa
Zid'yan-Kazmalyar	42.07957	48.15655	North Azerbaijani
Barnab	42.07964	46.37894	Avar
Sikar	42.07966	46.41127	Avar
Khadagi	42.08067	47.89726	Dargwa
Urkhnischa	42.08278	47.50306	Dargwa
Giyagaramakhi	42.08381	47.37841	Dargwa
Karkatsi	42.08389	47.46694	Dargwa
Murlatinamakhi	42.08451	47.35718	Dargwa
Kubachi	42.0856	47.6031	Dargwa
Bil'gadi	42.08581	48.13462	North Azerbaijani
Gaziya	42.085935	47.817633	Dargwa
Kartalay	42.08709	47.85834	Dargwa
Daknisa	42.08758	47.72711	Dargwa
Karatsan	42.0886	47.8683	Dargwa
Shalib	42.09007	46.91826	Lak
Dzhurmachi	42.09049	47.69572	Dargwa
Dzhirabachi	42.09091	47.73513	Dargwa
Khulisma	42.09299	47.05741	Lak
Khungiya	42.09321	47.80518	Dargwa
Khoymi	42.09367	47.20822	Lak
Khamar	42.095868	46.383695	Avar
Kutlab	42.09663	46.32982	Avar
Goab	42.097185	46.738407	Avar
Nadar	42.09736	46.36025	Avar
Khadiyal	42.0989	46.4653	Avar
Urtsaki	42.09916	47.56236	Dargwa
Urari	42.0997	47.4569	Dargwa
Turakarimakhi	42.1	47.46667	Dargwa
Kundakh	42.10013	47.09148	Lak
Sutbuk	42.1036	47.5403	Dargwa
Chitab	42.10412	46.86914	Avar
Tsyysha	42.10442	47.22358	Lak
Khurkhi	42.10627	47.12617	Lak
Tsugni	42.107276	47.400902	Dargwa
Chinar	42.1075	48.1439	North Azerbaijani
Tilutl'	42.109079	46.350054	Avar
Tadiyal	42.11099	46.4823	Avar
Kardib	42.111443	46.514655	Avar
Tokh-Orda	42.11174	46.35982	Avar
Barshamay	42.11176	47.85143	Dargwa
Gulebki	42.11181	47.39688	Dargwa
Churtakh	42.11257	47.08687	Lak
Gindib	42.11296	46.50397	Avar
Guladty	42.11523	47.45074	Dargwa
Tulizma	42.115654	47.119069	Lak
Shara	42.115737	47.135907	Lak
Bakni	42.11618	47.53095	Dargwa
Gilib	42.1169	46.7761	Avar
Trisanchi	42.118091	47.70559	Dargwa
Iragi	42.11889	47.75336	Dargwa
Akhmedkent	42.12036	47.81047	Dargwa
Dibgalik	42.120363	47.652521	Dargwa
Ukal	42.12163	46.34771	Avar
Sukiyakh	42.12168	47.23611	Lak
Madzhalis	42.1217	47.8333	Dargwa
Khoykhi	42.12179	47.18526	Lak
Karanub	42.12262	46.81777	Avar
Novyy Urkarakh	42.12361	48.21917	Dargwa
Doronub	42.124689	46.809427	Avar
Gedzhukh	42.1247	48.0661	Dargwa
Tlyadal	42.125339	46.237247	Bezhta
Chanab	42.125345	46.90434	Avar
Kutikh	42.12587	46.78902	Avar
Vikhli	42.1269	47.2219	Lak
Dusrakh	42.1275	46.8792	Avar
Kukni	42.12819	47.15973	Lak
Kulushats	42.1283	47.0983	Lak
Khasharkhota	42.12912	46.142158	Bezhta
Chvadab	42.13028	46.87639	Avar
Mirzita	42.1309	47.47663	Dargwa
Kosroda	42.13141	46.85829	Avar
Sanchi	42.13244	47.82243	Dargwa
Govkra	42.13254	47.12389	Lak
Zubanchi	42.13309	47.70417	Dargwa
Kudagu	42.13322	47.73006	Dargwa
Bezhta	42.1339	46.1247	Bezhta
Gendukh	42.13476	46.403084	Avar
Irichi	42.13548	47.79158	Dargwa
Gvedysh	42.13591	46.41437	Avar
Urgani	42.13638	47.36146	Dargwa
Gunzib	42.137257	46.264448	Hunzib
Shulerchi	42.13744	47.56335	Dargwa
Kani	42.13937	47.18846	Lak
Chitur	42.13954	47.10151	Lak
Zil'bachi	42.139973	47.717838	Dargwa
Shovkra	42.14008	47.12741	Lak
Khurshni	42.14036	47.48966	Dargwa
Tlyarobazutl'	42.14039	46.77575	Avar
Chakhdikna	42.14116	47.76044	Dargwa
Kubra	42.14373	47.08175	Lak
Nakhada	42.14406	46.19143	Hunzib
Kala	42.1464	48.1634	North Azerbaijani
Nukush	42.1492	46.80579	Avar
Inisha	42.15031	47.20492	Lak
Guschi	42.15128	47.09368	Lak
Tsemer	42.15195	46.75296	Avar
Chishili	42.15228	47.66839	Dargwa
Garbutl'	42.153227	46.219098	Hunzib
Khurukra	42.15663	47.13422	Lak
Mogrob	42.15672	46.86521	Avar
Viraty	42.15675	47.20107	Lak
Kharbuk	42.158768	47.530832	Dargwa
Nitsovkra	42.15951	47.081271	Chechen
Irib	42.1606	46.8169	Avar
Urkarakh	42.1606	47.6339	Dargwa
Surkhachi	42.16143	47.74083	Dargwa
Dibgashi	42.1617	47.6944	Dargwa
Childa	42.16328	46.34734	Avar
Iraki	42.16405	47.71739	Dargwa
Tanty	42.1642	47.3167	Dargwa
Khuri	42.170115	47.12522	Lak
Kumukh	42.1706	47.1175	Lak
Anada	42.17306	46.36917	Avar
Salik	42.17335	48.08635	North Azerbaijani
Buskri	42.17359	47.66673	Dargwa
Baginub	42.1743	46.88159	Avar
Mallakent	42.17448	47.79664	Dargwa
Khinub	42.17454	46.82406	Avar
Kuchrab	42.17506	46.90244	Avar
Genukh	42.1764	45.98646	Hinuq
Kischa	42.17677	47.58117	Dargwa
Lakhir	42.17688	47.17802	Lak
Imeni Michurina	42.17695	48.19867	North Azerbaijani
Kalkni	42.17732	47.70499	Dargwa
Gunakari	42.17776	47.69262	Dargwa
Khidib	42.17812	46.36299	Avar
Tlobzoda	42.17944	46.37111	Avar
Ubra	42.179776	47.102963	Lak
Khuna	42.179791	47.160847	Lak
Yunyy Pakhar'	42.180183	48.160227	North Azerbaijani
Novaya Barsha	42.18284	47.836	Dargwa
El'bok	42.183907	45.906506	Tsez
Turtsi	42.18409	47.16817	Lak
Khurukh	42.18441	46.85807	Avar
Tumeller	42.1846	47.84238	Kumyk
Rul'dab	42.18472	46.85028	Avar
Khuty	42.1875	47.07	Avar
Velikent	42.1875	48.0647	North Azerbaijani
Khibiyatl'	42.187996	45.874341	Tsez
Katroso	42.188329	46.33021	Avar
Antsukh	42.1892	46.3397	Avar
Gebguda	42.190026	46.354817	Avar
Chadakolob	42.19182	46.31981	Avar
Shadni	42.192172	47.648927	Lak
Kidero	42.1931	45.9583	Tsez
Khorta	42.19329	46.35976	Avar
Chododa	42.193439	46.314784	Avar
Noyrukh	42.193895	46.38005	Avar
Shuni	42.19414	47.17229	Lak
Magar	42.19546	46.843669	Avar
Mukutl'	42.19562	46.861381	Avar
Zekhida	42.19594	45.94664	Tsez
Zhazhada	42.197157	46.424903	Avar
Vitsiyatl'	42.197434	45.888164	Tsez
Kurla	42.19768	47.18731	Lak
Mazada	42.197896	46.390092	Avar
Nachada	42.198508	46.448902	Avar
Tinchuda	42.19861	46.45306	Avar
Delichoban	42.19877	48.09467	North Azerbaijani
Padar	42.19939	48.05179	North Azerbaijani
Niklida	42.199941	46.406485	Avar
Tatlyar	42.2003	48.0269	North Azerbaijani
Bezhuda	42.200348	46.479175	Avar
Rosta	42.20056	46.39667	Avar
Khotlob	42.201243	46.432755	Avar
Khupri	42.20145	45.84143	Tsez
Chumli	42.20167	47.77306	Dargwa
Meusisha	42.20199	47.59731	Dargwa
Ulluchara	42.20267	47.27463	Lak
Sinida	42.20341	46.39071	Avar
Saraf	42.20373	46.31767	Avar
Ginta	42.2042	47.4186	Dargwa
Yangikent	42.2042	47.8292	Kumyk
Khobokh	42.204624	46.379234	Avar
Chunib	42.20496	46.82498	Avar
Deybuk	42.20532	47.51996	Dargwa
Vikry	42.20556	47.67889	Dargwa
Uri	42.2056	47.0164	Lak
Kabasida	42.205771	46.341334	Avar
Vikri	42.20612	47.679702	Dargwa
Machar	42.206556	46.335204	Avar
Tseneb	42.206684	46.842652	Avar
Mukar	42.20687	47.02212	Lak
Gutatli	42.207019	45.936713	Tsez
Kitlyarta	42.20849	45.84333	Tsez
Tamuda	42.21001	46.382	Avar
Gapshima	42.2122	47.3261	Dargwa
Moschob	42.21389	46.79167	Avar
Shidib	42.214353	46.300745	Avar
Sodab	42.215081	46.81015	Avar
Ulluterkeme	42.21511	48.00644	North Azerbaijani
Geba	42.21527	47.39266	Dargwa
Tsitsimakh	42.21621	45.82621	Tsez
Landa	42.218	46.27432	Avar
Khantakolob	42.21944	46.29083	Avar
Tsizgari	42.21963	47.64768	Dargwa
Bochokh	42.22	46.28472	Avar
Khintida	42.220547	46.275395	Avar
Unchukatl'	42.2208	47.1525	Lak
Karasha	42.2221	47.1772	Lak
Tokh	42.222292	46.291546	Avar
Kharada	42.222648	46.258528	Avar
Berikey	42.2228	48.0611	North Azerbaijani
Shapikh	42.224044	45.858118	Tsez
Shukty	42.22488	47.30349	Dargwa
Khalakh	42.22547	45.850837	Tsez
Kamakhal	42.227415	46.999859	Lak
Palisma	42.22845	47.0162	Lak
Kamasha	42.22886	47.14153	Lak
Gidib	42.22942	46.80621	Avar
Gulli	42.22977	47.76214	Dargwa
Guymi	42.230357	47.19589	Lak
Khadakolob	42.231683	46.261819	Avar
Nukhotkolob	42.23195	46.265721	Avar
Tsurib	42.235	46.8333	Avar
Dzhemikent	42.23575	48.04114	North Azerbaijani
Tsurai	42.23577	47.65819	Dargwa
Gochob	42.2375	46.6642	Avar
Berikh	42.23806	46.05306	Tsez
Genazokh	42.23806	46.05306	Tsez
Khuntli	42.23806	46.05306	Tsez
Khutrakh	42.23806	46.05306	Tsez
Geniyatl'	42.23828	46.035044	Tsez
Shaitli	42.23835	46.05158	Tsez
Morskoe	42.23978	48.1414	Dargwa
Bukhty	42.240712	46.985633	Avar
Chalyakh	42.24114	45.83754	Tsez
Druzhba	42.2419	48.0042	Dargwa
Urukh-Sota	42.24222	46.67694	Avar
Kosob	42.242893	46.368239	Avar
Retlob	42.24411	45.8289	Tsez
Kituri	42.244627	46.019304	Tsez
Itsirakh	42.244662	45.849585	Tsez
Busutli	42.24512	46.363326	Avar
Shitli	42.24574	47.01268	Avar
Shangoda	42.246859	47.000153	Avar
Tsekhok	42.24723	45.98528	Tsez
Magitl'	42.248081	46.366738	Avar
Kapkaykent	42.248157	47.798984	Kumyk
Kimyatli	42.2488	45.82303	Tsez
Shakhuva	42.25077	47.1617	Lak
Gumramakhi	42.25101	47.35105	Dargwa
Usisha	42.2511	47.3928	Dargwa
Tsundimakhi	42.25164	47.31668	Dargwa
Tsibari	42.25213	45.87861	Avar
Kanasiragi	42.252582	47.649095	Dargwa
Megeb	42.2528	47.0472	Dargwa
Bagikla	42.25308	47.13393	Lak
Khazhnimakhi	42.254562	47.315856	Dargwa
Kamkadamakhi	42.255826	47.308527	Dargwa
Khetokh	42.25611	45.97361	Tsez
Talukh	42.25652	46.74433	Avar
Ikha	42.256944	45.820075	Avar
Khenklakar	42.257833	47.306649	Dargwa
Akdy	42.25829	45.82798	Tsez
Tsulikana	42.25834	47.25676	Lak
Sachada	42.258411	46.699595	Avar
Bashlykent	42.2597	47.8439	Kumyk
Azilta	42.260166	45.938182	Tsez
Khora	42.26028	45.81278	Tsez
Bergeinzi	42.260462	47.352616	Dargwa
Segeler	42.26056	48.11556	North Azerbaijani
Mugurukh	42.26064	46.86533	Avar
Ganderamakhi	42.261093	47.333465	Dargwa
Shinkbalakada	42.261375	47.300242	Dargwa
Chaatli	42.261724	45.818805	Tsez
Khenokh	42.26183	45.96692	Tsez
Mokok	42.2619	45.9008	Tsez
Sumeta	42.262025	46.705541	Avar
Dzhavankent	42.26265	47.80983	Kumyk
Asakh	42.26311	45.81684	Tsez
Gerkhmakhi	42.2634	47.52765	Dargwa
Nakazukh	42.264594	46.914238	Avar
Shiya	42.26556	45.8025	Tsez
Karsha	42.26605	47.34372	Dargwa
Gidatli	42.266327	46.374506	Avar
Aynikabmakhi	42.26679	47.36264	Dargwa
Murguk	42.2669	47.6947	Dargwa
Utlukh	42.267533	46.730055	Avar
Mugri	42.26767	47.62872	Dargwa
Baykatmakhi	42.26871	47.29919	Dargwa
Kundy	42.2689	47.1647	Lak
Shauri	42.270484	45.941421	Tsez
Udok	42.2714	45.79631	Tsez
Inzimakhi	42.27238	47.35613	Dargwa
Gochada	42.272626	46.765272	Avar
Kuma	42.27304	47.13762	Lak
Tsulda	42.27357	46.72095	Avar
Dubrimakhi	42.274418	47.285133	Dargwa
Burgimakhi	42.27489	47.28652	Dargwa
Krasnopartizansk	42.27499	48.01592	Dargwa
Tlyarosh	42.275317	46.751805	Avar
Tsokhok	42.27548	45.79457	Tsez
Chinimakhi	42.27565	47.37455	Dargwa
Akusha	42.275664	47.340107	Dargwa
Charoda	42.2764	46.8019	Avar
Tserkhimakhi	42.276694	47.336755	Dargwa
Murukh	42.27719	46.7715	Avar
Chankalamakhi	42.27788	47.365804	Dargwa
Balkhar	42.2797	47.2314	Lak
Gunukh	42.28043	46.76307	Avar
Gontlob	42.280673	46.726468	Avar
Sogratl'	42.2808	46.9914	Avar
Khebatli	42.2819	45.92585	Tsez
Kurkli	42.2828	47.1283	Lak
Obokh	42.28362	47.03734	Avar
Semgamakhi	42.28438	47.35484	Dargwa
Zil'mukmakhi	42.28483	47.3958	Dargwa
Kara	42.28724	47.17093	Lak
Kertukmakhi	42.28799	47.34305	Dargwa
Galatli	42.288201	45.894106	Tsez
Terutli	42.28853	45.79295	Tsez
Urgubamakhi	42.28968	47.31783	Dargwa
Burgimakmakhi	42.2897	47.3769	Dargwa
Shumkhrimakhi	42.291042	47.268562	Dargwa
Kakmakhi	42.29169	47.38541	Dargwa
Yaraymakhi	42.295511	47.359585	Dargwa
Aynurbimakhi	42.29623	47.58462	Dargwa
Makhalotli	42.297776	45.796291	Tsez
Tsunimakhi	42.29835	47.26194	Dargwa
Baltamakhi	42.29843	47.72877	Dargwa
Mugi	42.2989	47.4225	Dargwa
Uznimakhi	42.30003	47.3858	Dargwa
Novye Vikri	42.30054	47.99382	Dargwa
Chukna	42.30111	47.12009	Lak
Gamsutl'	42.301972	46.996315	Avar
Kversatl'	42.302562	46.392793	Avar
Somoda	42.30272	46.5368	Avar
Akhsakadamakhi	42.303416	47.381576	Dargwa
Batsada	42.3036	46.9092	Avar
Kurimakhi	42.304306	47.304694	Dargwa
Kishdatl'	42.304638	46.342239	Avar
Burdeki	42.3047	47.6703	Dargwa
Bakhmakhi	42.30638	47.59269	Dargwa
Burkhimakhi	42.3065	47.58607	Dargwa
Sshulani	42.3067	46.9294	Avar
Izta	42.30889	46.35667	Avar
Mikdatl'	42.309412	46.380732	Avar
Urkhuchimakhi	42.310271	47.260222	Dargwa
Verkhnie Mulebki	42.31043	47.51924	Dargwa
Khamaitli	42.31091	45.96217	Tsez
Tilanib	42.310964	46.366528	Avar
Sabda	42.311355	46.371346	Avar
Unty	42.311452	46.944631	Avar
Kichi-Gamri	42.3125	47.7106	Dargwa
Kulla	42.31346	46.91014	Avar
Kulibukhna	42.315839	47.18495	Dargwa
Mamaaul	42.31709	47.75237	Dargwa
Rugel'da	42.3175	46.5244	Avar
Tsurmakhi	42.31845	47.57516	Dargwa
Arachanamakhi	42.31923	47.58202	Dargwa
Chokh	42.3206	47.0336	Avar
Kavkamakhi	42.322184	47.30588	Dargwa
Verkhnie Kamkamakhi	42.32265	47.23945	Dargwa
Kuba	42.3247	47.1181	Lak
Urchukh	42.325548	46.495518	Avar
Nizhnie Mulebki	42.3281	47.5689	Dargwa
Unkida	42.328698	46.885731	Avar
Musrukh	42.32897	46.51614	Avar
Khantskarkamakhi	42.330333	47.550694	Dargwa
Nizhnie Makhargimakhi	42.33047	47.63788	Dargwa
Ameterkmakhi	42.33081	47.213539	Dargwa
Alikhanmakhi	42.33194	47.26602	Dargwa
Khadzhalte	42.33374	47.15589	Dargwa
Urakhi	42.3347	47.5953	Dargwa
Gasha	42.33592	47.83067	Kumyk
Miglakasimakhi	42.33599	47.56121	Dargwa
Sangimakhi	42.33788	47.43307	Dargwa
Mekesh	42.337924	47.510751	Dargwa
Kul'kibekmakhi	42.339694	47.56167	Dargwa
Alkhadzhakent	42.340016	47.79177	Kumyk
Verkhnie Kabkomakhi	42.34176	47.43688	Dargwa
Kurkabi	42.34194	47.20056	Dargwa
Tsudakhar	42.3425	47.1606	Dargwa
Tebekmakhi	42.3431	47.2072	Dargwa
Tsukhta	42.34352	47.32396	Dargwa
Verkhnie Makhargimakhi	42.34665	47.62254	Dargwa
Guladtymakhi	42.34823	47.23927	Dargwa
Chuni	42.34832	47.30303	Avar
Urtsamakhi	42.34854	47.276792	Dargwa
Tlyatsuda	42.34923	45.92493	Tsez
Gerga	42.3497	47.9628	Dargwa
Inkuchimakhi	42.35029	47.17345	Dargwa
Nizhnie Labkomakhi	42.35084	47.41873	Dargwa
Khopor	42.352716	46.937396	Avar
Dingo	42.35347	47.18138	Dargwa
Khvarshi	42.353471	46.107859	Xvarshi
Karlabko	42.3542	47.3967	Dargwa
Tarlimakhi	42.35587	47.17157	Dargwa
Karekadani	42.35747	47.13098	Dargwa
Khabkaymakhi	42.35782	47.59091	Dargwa
Suleybakent	42.35785	47.37355	Dargwa
Kumamakhi	42.35849	47.19214	Dargwa
Tazirkent	42.35863	47.3576	Dargwa
Ratlub	42.359268	46.433433	Akhvakh
Kuknamakhi	42.359775	47.286853	Dargwa
Chabazimakhi	42.360297	47.570316	Dargwa
Gurgumakhi	42.36056	47.19222	Dargwa
Rugudzha	42.3606	46.9139	Avar
Musul'temakhi	42.362154	47.188584	Dargwa
Susakent	42.36361	47.35248	Dargwa
Aymaumakhi	42.363756	47.575203	Dargwa
Kusamakhi	42.36441	47.270869	Dargwa
Shalasi	42.36514	47.91961	Dargwa
Kommuna	42.3656	46.9686	Avar
Mitluda	42.36693	45.94512	Tsez
Kudali	42.3678	47.0789	Avar
Verkhnie Ubekimakhi	42.36823	47.24298	Dargwa
Ebdalaya	42.3683	47.3433	Dargwa
Allate	42.369057	47.184036	Dargwa
Aynikab	42.369307	47.216093	Dargwa
Genta	42.37001	46.56099	Avar
Burtanimakhi	42.37097	47.14988	Dargwa
Ravkvatl'	42.372455	46.579617	Avar
Chagni	42.37289	47.21879	Dargwa
Ulluaya	42.3747	47.3756	Dargwa
Aysalakak	42.374896	47.474825	Dargwa
Keger	42.3767	47.0275	Avar
Ayalizimakhi	42.37684	47.60746	Dargwa
Khasakent	42.37754	47.34265	Dargwa
Machada	42.37839	46.53725	Avar
Kardmakhi	42.37842	47.46472	Dargwa
Kardamakhi	42.37861	47.46639	Dargwa
Dagbash	42.380347	46.351961	Avar
Naskent	42.38093	47.33624	Dargwa
Ditunshimakhi	42.381665	47.289692	Dargwa
Zhamsory	42.382089	47.462508	Dargwa
Urada	42.3822	46.5617	Avar
Tagirkent	42.3827	47.33326	Dargwa
Usemikent	42.3836	47.8681	Kumyk
Santlada	42.38431	46.07505	Xvarshi
Kayakent	42.3847	47.9044	Kumyk
Tarlankak	42.385886	47.475817	Dargwa
Shinkalabukhna	42.386144	47.471707	Dargwa
Silta	42.38728	47.07127	Avar
Gunib	42.388232	46.962258	Avar
Tidib	42.3889	46.5742	Avar
Sagada	42.38941	45.91798	Tsez
Nizhnie Arshi	42.389598	47.141386	Dargwa
Tlyakh	42.389928	46.540021	Avar
Kvantlada	42.39204	46.06382	Xvarshi
Novokayakent	42.3922	47.9878	Kumyk
Nizhnie Ubekimakhi	42.392787	47.20548	Dargwa
Metrada	42.393034	45.888954	Avar
Khotoda	42.39393	46.559446	Avar
Kakamakhi	42.39507	47.30644	Dargwa
Salta	42.39589	47.07048	Avar
Khushet	42.39721	45.77278	Tsez
Mekegi	42.3978	47.4625	Dargwa
Adukmakhi	42.39928	47.401891	Dargwa
Verkhnie Arshi	42.40006	47.12529	Dargwa
Khuchada	42.400235	46.469178	Avar
Aymazimakhi	42.401788	47.525794	Dargwa
Aknada	42.4024828	46.1693204	Tindi
Khamagib	42.402538	46.850422	Avar
Myurego	42.4042	47.6894	Dargwa
Utamysh	42.4047	47.7492	Kumyk
Ayamakhi	42.40528	47.5725	Dargwa
Obonub	42.40556	46.83972	Avar
Enseruda	42.40611	46.85278	Avar
Chonob	42.407667	46.853808	Avar
Tashkapur	42.40805	47.17095	Dargwa
Khotoch	42.408408	46.954024	Avar
Egeda	42.409124	46.844276	Avar
Nizhnie Khvarshini	42.4108	45.8697	Avar
Verkhnie Khvarshini	42.41088	45.84551	Avar
Inkhokvari	42.410888	46.044877	Xvarshi
Agada	42.412001	46.841895	Avar
Akhinets	42.412612	47.113872	Dargwa
Irgali	42.41281	47.13538	Dargwa
Lakhchayda	42.41345	46.8378	Avar
Kundurkhe	42.41424	47.11507	Dargwa
Khvayni	42.415087	45.968736	Xvarshi
Rosutl'	42.41533	46.8308	Avar
Ala	42.415472	46.837085	Avar
Verkhnee Inkhokvari	42.415524	46.065273	Xvarshi
Chakhimakhi	42.41564	47.56038	Dargwa
Sekh	42.416094	46.826447	Avar
Degva	42.4161	47.5372	Dargwa
Ziurib	42.41789	46.705088	Avar
Khadzhalmakhi	42.4186	47.1817	Dargwa
Dadulazda	42.4189	46.80373	Avar
Tlogob	42.4189	46.8153	Avar
Ivaylazda	42.42	46.79917	Avar
Tsamla	42.420013	46.841042	Avar
Mugdab	42.420445	46.807523	Avar
Buanzimakhi	42.42062	47.44966	Dargwa
Tlezda	42.421358	46.721564	Avar
Malyy Urala	42.42216	46.80506	Avar
Tsekob	42.422785	46.450219	Akhvakh
Ayalakab	42.4231	47.4625	Dargwa
Kutisha	42.4236	47.2831	Avar
Mokoda	42.42385	46.66963	Avar
Kuppa	42.4239	47.1231	Dargwa
Bol'shoy Urala	42.424277	46.805844	Avar
Amalte	42.42457	47.11047	Dargwa
Tsalada	42.42472	46.81472	Avar
Gunduchi	42.424818	46.15836	Tindi
Genitsurib	42.425104	46.705356	Avar
Shikhshaka	42.42555	47.47243	Dargwa
Khatsunob	42.425999	46.802058	Avar
Verkhniy Kolob	42.42614	46.6579	Avar
Purrimakhi	42.426446	47.465673	Dargwa
Kakhib	42.4272	46.5969	Avar
Kapulagumi	42.427995	47.476847	Dargwa
Khamakal	42.428109	46.674497	Avar
Balanub	42.4284	46.8251	Avar
Teletl'	42.4289	46.7317	Avar
Khebdib	42.43	46.86	Avar
Nizhniy Kolob	42.430087	46.659303	Avar
Zurilaudimakhi	42.4301	47.49276	Dargwa
Verkhniy Togokh	42.430206	46.698316	Avar
Damkulakada	42.430252	47.467675	Dargwa
Kienikh	42.43056	46.66639	Avar
Kuker	42.43106	46.80982	Avar
Levashi	42.4325	47.3258	Dargwa
Angida	42.43279	46.1924	Tindi
Goor	42.43339	46.56927	Avar
Nizhniy Togokh	42.43381	46.70246	Avar
Echeda	42.43436	45.992398	Tindi
Mitliurib	42.43537	46.68836	Avar
Tlyanub	42.43568	46.45745	Akhvakh
Dzhangamakhi	42.44335	47.38111	Dargwa
Khebda	42.443976	46.549984	Avar
Murada	42.445422	46.954469	Avar
Goor-Khindakh	42.449273	46.575312	Avar
Sergokala	42.4494	47.6633	Dargwa
Koroda	42.44961	46.846988	Avar
Asha	42.450373	46.3334458	Tindi
Elakatmakhi	42.454026	47.398334	Dargwa
Tindi	42.454716	46.13469	Tindi
Gogotl'	42.45481	46.76547	Avar
Sil'di	42.4552	45.92715	Avar
Urib	42.4564	46.6736	Avar
Khvartikuni	42.4569	47.0067	Avar
Mukharkh	42.459302	46.15171	Tindi
Gvanachi	42.4606005	46.1622609	Tindi
Nizhnie Chugli	42.46318	47.29733	Avar
Darada	42.465606	46.936573	Avar
Tenla	42.465771	46.128629	Tindi
Kurmi	42.46639	47.04222	Avar
Khakhita	42.4667	47.2642	Avar
Tunzi	42.46888	46.97573	Avar
Khvarada	42.46889	46.99406	Avar
Gonoda	42.4697	46.7892	Avar
Gadaychi	42.470059	46.070951	Tindi
Gakko	42.47024	45.882	Chamalal
Sanukh	42.47054	46.13446	Tindi
Karadakh	42.471023	46.863724	Avar
Assab	42.471596	46.492475	Avar
Datuna	42.47357	46.64364	Avar
Novye Mugri	42.4741	47.75525	Dargwa
Tsumada-Urukh	42.474208	46.063467	Chamalal
Iputa	42.47852	46.96592	Avar
Tsumada	42.48187	46.05247	Chamalal
Khalikh	42.48467	46.09121	Tindi
Zanata	42.485146	46.552771	Avar
Nizhniy Batlukh	42.4853	46.5239	Avar
Maali	42.4858	46.9197	Avar
Golotl'	42.485962	46.735698	Avar
Uzdalroso	42.48612	46.85577	Avar
Tissi	42.48917	46.14395	Tindi
Zaib	42.489364	46.707472	Avar
Orada-Chugli	42.49384	47.22264	Avar
Sasitli	42.496173	45.996762	Avar
Verkhniy Batlukh	42.496276	46.502217	Avar
Kadirkent	42.49661	47.60836	Dargwa
Richaganikh	42.49724	46.05853	Chamalal
Tagada	42.497573	46.868389	Avar
Kakhikal	42.499065	46.874809	Avar
Akushali	42.4992	46.9504	Avar
Tissi-Akhitli	42.501506	46.103923	Tindi
Gotsatl' Malyy	42.5041	46.88829	Avar
Gergebil'	42.5047	47.0661	Avar
Kuanib	42.509735	46.611385	Avar
Sagasi-Deybuk	42.50982	47.84293	Dargwa
Andykh	42.5119	46.5939	Avar
Karanayaul	42.51266	47.85563	Kumyk
Kikuni	42.513979	47.036122	Avar
Lologonitl'	42.51398	46.33093	Akhvakh
Dzhanga	42.517038	47.76486	Dargwa
Khushtada	42.517389	46.166126	Bagvalal
Tsidatl'	42.51855	46.05795	Chamalal
Gotsatl' Bol'shoy	42.51862	46.88262	Avar
Nitab	42.51925	46.63256	Avar
Tsuydi	42.52334	46.07182	Chamalal
Tlondoda	42.5247	46.1989	Bagvalal
Kedi	42.52611	45.96639	Avar
Izano	42.52735	46.40389	Akhvakh
Khini	42.52767	46.70496	Avar
Kochali	42.527888	46.116112	Chamalal
Gigikh	42.532529	46.101767	Chamalal
Aymaki	42.5342	47.1383	Avar
Nizhnie Gakvari	42.53602	46.05171	Chamalal
Chalda	42.538206	46.920351	Avar
Urma	42.5383	47.2869	Avar
Khunzakh	42.5394	46.705	Avar
Kudiyabroso	42.541069	46.377932	Akhvakh
Agvali	42.541192	46.121798	Chamalal
Kharikolo	42.5451	46.80847	Avar
Baitl'	42.546452	46.676472	Avar
Chondotl'	42.547749	46.659112	Avar
Verkhnie Gakvari	42.547874	46.032686	Chamalal
Tad-Magitl'	42.550266	46.348953	Akhvakh
Gachitli	42.551361	46.088803	Chamalal
Tsvakilkolo	42.55213	46.35351	Akhvakh
Kvankero	42.55244	46.3404	Akhvakh
Khulandoy	42.553333	45.754167	Chechen
Batlaich	42.554821	46.754217	Avar
Arani	42.5556	46.7225	Avar
Kuletsma	42.5556	47.2339	Avar
Okhli	42.55565	47.209281	Avar
Kakh	42.557664	46.790848	Avar
Tlibisho	42.56054	46.30101	Bagvalal
Kvanada	42.561478	46.17397	Bagvalal
Gimerso	42.561489	46.227545	Bagvalal
Gonokh	42.56163	46.6896	Avar
Tlisi	42.56209	46.27428	Bagvalal
Genichutl'	42.56455	46.73959	Avar
Gubden	42.5658	47.5658	Dargwa
Gadiri	42.566265	46.065746	Chamalal
Tsada	42.56694	46.7125	Avar
Gozolokolo	42.569651	46.61206	Avar
Tukita	42.57056	46.37278	Karata
Akhkent	42.57353	47.18488	Avar
Mesterukh	42.5747	46.3964	Avar
Gortkolo	42.576655	46.63945	Avar
Kudutl'	42.5783	47.0194	Avar
Oboda	42.578542	46.668203	Avar
Batlakhatli	42.580364	46.058877	Chamalal
Gigatl'	42.58136	46.0964	Chamalal
Shotota	42.58165	46.57729	Avar
Tumagari	42.58165	46.60662	Avar
Tanusi	42.58233	46.69233	Avar
Butsra	42.58902	46.7677	Avar
Ingerdakh	42.58926	46.398373	Avar
Gotsob	42.58963	46.86901	Avar
Khimakoro	42.590092	46.617523	Avar
Gigatli-Urukh	42.590934	46.142589	Chamalal
Ebuta	42.59275	46.66626	Avar
Gatsalukh	42.59298	46.64949	Avar
Karata	42.5942	46.3419	Karata
Akhalchi	42.594957	46.631744	Avar
Matlas	42.595249	46.605532	Avar
Ullubiyaul	42.59689	47.71825	Kumyk
Archo	42.597691	46.305756	Karata
Verkhnie Akhalchi	42.59911	46.63581	Avar
Siukh	42.5999	46.54462	Karata
Maydanskoe	42.601674	46.958927	Avar
Kesaloy	42.602778	45.74	Chechen
Orkachi	42.6058	46.81797	Avar
Tsumali	42.607619	46.260923	Avar
Anchik (Anchikh)	42.608098	46.271717	Karata
Alak	42.6092	46.1972	Avar
Apshi	42.6094	47.1742	Avar
Arakani	42.610078	46.991711	Avar
Gurbuki	42.611506	47.591942	Dargwa
Kheleturi	42.612495	46.225441	Avar
Mashtada	42.61362	46.314659	Karata
Rachabulda	42.617256	46.300014	Karata
Zirani	42.61797	46.94436	Avar
Tsalkita	42.61798	46.57339	Avar
Kachkalyk	42.61852	47.33391	Dargwa
Karamakhi	42.618786	47.256653	Dargwa
Taratul-Meer	42.619281	47.112087	Avar
Verkhnee Inkhelo	42.62035	46.329732	Karata
Khakmadoy	42.620556	45.83	Chechen
Chayry	42.620556	45.909722	Chechen
Tlaylukh	42.6208	46.52428	Avar
Tsel'mes	42.623464	46.538549	Avar
Kadar	42.6242	47.2903	Dargwa
Godoberi	42.6258	46.1189	Godoberi
Amishta	42.62967	46.552971	Avar
Sharoy	42.629722	45.81	Chechen
Shikaroy	42.630278	45.760556	Chechen
Chankurbe	42.630465	47.300216	Dargwa
Tekita	42.630886	46.521832	Avar
Balakhani	42.63128	46.89514	Avar
Mochokh	42.63159	46.61242	Avar
Shulatuta	42.63167	46.85806	Avar
Dzhalaturi	42.631847	46.567028	Avar
Muschuli	42.633706	46.498593	Avar
Durangi	42.63571	47.22366	Avar
Amushi Bol'shoe	42.63752	46.4864	Avar
Chabanmakhi	42.63784	47.25923	Dargwa
Ratsitl'	42.63788	46.33455	Karata
Tsoloda	42.63827	46.36626	Avar
Shkolkhe	42.63929	45.935388	Chechen
Kenkhi	42.641667	45.945556	Chamalal
Ochlo	42.642518	46.64532	Avar
Kharakhi	42.6433	46.5211	Avar
Arykhkent	42.64472	47.19165	Avar
Nizhnee Inkhelo	42.645134	46.259367	Karata
Tlokh	42.6492	46.4578	Avar
Irganay	42.649543	46.912048	Avar
Amushi Maloe	42.650445	46.487815	Avar
Arkas	42.65194	47.13833	Avar
Kaka-Shura	42.65194	47.38278	Kumyk
Moksokh	42.6538	46.80572	Avar
Miarso	42.654059	46.175643	Botlikh
Khimoy	42.654444	45.852222	Chechen
Kolo	42.65769	46.56607	Avar
Urchiab	42.657739	47.016338	Avar
Kvankhidatli	42.65789	46.271742	Andi
Orota	42.65915	46.53772	Avar
Buti	42.661389	45.97	Chechen
Dorgeli	42.66556	47.29667	Kumyk
Beledi	42.66722	46.05361	Godoberi
Tsatanikh	42.667793	46.723937	Avar
Botlikh	42.667813	46.221451	Botlikh
Zibirkhali	42.66833	46.07194	Godoberi
Ortakolo	42.67057	46.38882	Avar
Verkhniy Aradirikh	42.67099	46.60372	Avar
Kiri	42.674722	45.914167	Chechen
Verkhniy Dzhengutay	42.67476	47.23415	Avar
Verkhniy camadoy	42.675278	45.644722	Chechen
Kheldi	42.675278	45.644722	Chechen
Kharachi	42.67744	46.82263	Avar
Shodroda (Shadroda)	42.678426	46.12155	Avar
Ishtiburi	42.679149	46.702701	Avar
Muni	42.680242	46.308874	Andi
Cesi	42.680278	45.790833	Chechen
Sredniy Aradirikh	42.68121	46.58022	Avar
Ashino	42.683462	46.156727	Botlikh
Veduchi	42.684722	45.568611	Chechen
Sakan-iiste	42.689444	45.476389	Chechen
Nizhniy Aradirikh	42.68979	46.568219	Avar
Shamil'kala	42.690407	46.874769	Avar
Rakhata	42.6911	46.1414	Avar
Ansalta	42.6939	46.1147	Avar
Shundili	42.698533	45.417414	Chechen
Inkvalita	42.69936	46.68833	Avar
Nizhniy Dzhengutay	42.7014	47.2417	Kumyk
Lyunki	42.70167	45.47944	Chechen
Sadoy	42.701835	46.063155	Chechen
Doza	42.70201	45.28279	Chechen
Khindoy	42.703677	46.006265	Chechen
Nizhnee Inkho	42.704518	46.507752	Avar
Kilyatl'	42.704637	46.466046	Avar
Mekheturi	42.70556	46.2375	Andi
Kamalkhi	42.706181	45.280203	Chechen
Verkhnee Inkho	42.70659	46.50415	Avar
Karabudakhkent	42.7067	47.5603	Kumyk
Tando	42.707696	46.175693	Avar
Tazbichi	42.707778	45.597222	Chechen
Untsukul'	42.7131	46.7875	Avar
Pezhey	42.713149	45.427287	Chechen
Malilaul	42.714121	46.046985	Chechen
Shivor	42.714662	46.256637	Andi
Cacakh	42.714722	45.504167	Chechen
Rushukha	42.71509	46.28112	Andi
Tasuta	42.71731	46.22568	Avar
Korotakh	42.7175	45.263333	Chechen
Chanko	42.717936	46.246417	Andi
Khorci-pada	42.718039	45.410685	Chechen
Igali	42.7181	46.5811	Avar
Bechigi	42.72	45.49	Chechen
Tsanatl'	42.72244	46.62252	Avar
Chitl'	42.722594	46.504009	Avar
Basty	42.72353	45.28124	Chechen
Betli	42.72372	46.73388	Avar
Tuskharoy	42.724444	45.530278	Chechen
Kharkaroy	42.72463	46.068851	Chechen
Arsoy	42.725755	46.034167	Chechen
Buni	42.725755	46.034167	Chechen
Kulinkhoy	42.725755	46.034167	Chechen
Rigakhoy	42.725755	46.034167	Chechen
Sakhani	42.725931	45.22735	Chechen
Baskhoy	42.726667	45.4225	Chechen
Gelli	42.7267	47.4014	Kumyk
Pezh-baskhoy	42.726787	45.423122	Chechen
Khando	42.72694	46.23361	Andi
Boturchu	42.72694	45.54556	Chechen
Tunzhi-aul	42.727656	46.048118	Chechen
Beki	42.7291	45.368891	Chechen
Tongakhoy	42.729134	45.465145	Chechen
Verkhnee Kazanische	42.7306	47.1381	Kumyk
Itum-kali	42.730833	45.571944	Chechen
Zilo	42.731394	46.319223	Andi
Korichu	42.73195	45.4	Chechen
Gergentala	42.73225	47.05913	Avar
Ichichali	42.732617	46.405263	Avar
Shundi	42.732778	45.358611	Chechen
Shyunda	42.732778	45.358611	Chechen
Kay	42.7332	45.25552	Chechen
Gezakh	42.733611	45.441667	Chechen
Gezekhoy	42.733611	45.441667	Chechen
Tundukh	42.734574	46.04	Chechen
Ikil'chi	42.735345	45.212748	Chechen
Ikharoy	42.735663	46.083421	Chechen
Erstakho	42.736111	45.396389	Chechen
Erstakhoy	42.736111	45.396389	Chechen
Manaskent	42.7367	47.6958	Kumyk
Obuzalaul	42.736781	46.064346	Chechen
Nakhorusty	42.736884	45.242665	Chechen
Cinchemekhi	42.737644	45.227823	Chechen
Charydy	42.738027	45.904195	Chechen
Kakhabroso	42.73896	46.704697	Avar
Paraul	42.7394	47.3592	Kumyk
Kizhani	42.74031	46.364775	Avar
Tsundi	42.740996	46.436577	Avar
Baskho	42.741171	45.547363	Chechen
Benesty	42.741458	45.221111	Chechen
Tsibilta	42.74322	46.24311	Andi
Khildekharoy	42.748333	45.667778	Chechen
Terta	42.74854	45.19644	Chechen
Kunzakh	42.74884	46.66488	Avar
Makazhoy	42.749168	46.064999	Chechen
Kokadoy	42.749722	45.583889	Chechen
El'deporoy	42.75036	45.3921	Chechen
Khoy	42.750984	46.127223	Chechen
Alikhanaul	42.751391	46.050726	Chechen
Charakhaul	42.751768	46.05799	Chechen
Adanak	42.7522	47.4586	Kumyk
Meshi	42.752222	45.178611	Chechen
Bugaroy	42.754722	45.616667	Chechen
Buglen	42.7553	47.1989	Kumyk
Ari-aul	42.755433	46.027349	Chechen
Shabdukh	42.75612	46.42139	Avar
Senakhoy	42.757193	45.410183	Chechen
Gimry	42.757219	46.838739	Avar
Nokhchi-keloy	42.757485	45.93201	Chechen
Manasaul	42.7575	47.0397	Avar
Bavloy	42.7575	45.450833	Chechen
Bauloy	42.7575	45.450833	Chechen
Kezenoy	42.758113	46.120906	Chechen
Zumsoy	42.758333	45.640278	Chechen
Tukhoy	42.759357	45.436405	Chechen
Konzhukhoy	42.76104	45.591216	Chechen
Dzhelashkhoy	42.762717	45.401728	Chechen
Kenakho	42.763056	45.357778	Chechen
Tantari	42.76371	46.64888	Avar
Dzheloshka	42.764119	46.062327	Chechen
Nizhnee Kazanische	42.7644	47.1611	Kumyk
Ezikho	42.766389	45.503611	Chechen
Agachkala	42.76698	47.07599	Kumyk
Kuloy	42.767584	45.956857	Chechen
Ashali	42.76963	46.30878	Andi
Zelenomorskoe	42.77004	47.68884	Dargwa
Oshni	42.770556	45.378333	Chechen
Idakh	42.771111	45.448333	Chechen
Day	42.771944	45.854722	Chechen
Ashil'ta	42.772446	46.728853	Avar
Ingishi	42.77477	46.54264	Avar
Bosoy	42.776391	45.902043	Chechen
Ushkaloy	42.777778	45.611389	Chechen
Celtakumoy	42.780514	45.459004	Chechen
Chubakh-keneroy	42.781034	45.915814	Chechen
Novo-Argvani	42.78174	46.60445	Avar
Rikvani	42.782304	46.319372	Andi
Geshi	42.783688	45.317959	Chechen
Chirkata	42.783992	46.716609	Avar
Mockaroy	42.78464	45.38695	Chechen
Achaloy	42.784786	45.971356	Chechen
Andi	42.7856	46.2639	Andi
Pyetyeaul	42.7862	46.006488	Chechen
Tushikaul	42.789305	46.018159	Chechen
Gunkha	42.78968	46.28275	Andi
Shoani	42.791174	44.779613	Ingush
Gemoroy	42.791802	45.30704	Chechen
Meshteroy	42.791802	45.30704	Chechen
Gukhoy	42.791944	45.55	Chechen
Chokhoy	42.79528	45.47041	Chechen
Mamonaul	42.795508	46.018485	Chechen
Sanoy	42.796389	45.791111	Chechen
Guchum-kali	42.796944	45.63	Chechen
Mekhel'ta	42.798277	46.497361	Avar
Bekeyaul	42.798395	45.975564	Chechen
Ol'geti	42.799632	44.756996	Ingush
Nizhniy kiy	42.8	45.266667	Chechen
Gagatli	42.800361	46.292645	Andi
Old Siukh	42.80278	46.43694	Karata
Staryy Sivukh	42.80278	46.43694	Avar
Otta	42.80278	45.38437	Chechen
Chureymokhk	42.805749	45.950235	Chechen
Bashin-kali	42.805843	45.619154	Chechen
Erpeli	42.806119	46.973557	Kumyk
Gadari	42.807303	46.621237	Avar
Arapoaul	42.807979	45.971635	Chechen
Verkhniy kiy	42.808056	45.2475	Chechen
Lyazhgi	42.808416	44.732786	Ingush
Verkhniy-bara	42.809444	45.42	Chechen
Tarsenaul	42.810232	46.031935	Chechen
Guli	42.810771	44.798552	Ingush
Targim	42.810924	44.938931	Ingush
Kurakhi	42.811878	45.300976	Chechen
Armkhi	42.81195	44.7075	Ingush
Sharo-argun	42.812222	45.818056	Chechen
Tsilitl'	42.8125	46.4156	Avar
Argvani	42.8128	46.5792	Avar
Nezheloy	42.813029	45.905298	Chechen
Bushni	42.81474	45.3854	Chechen
Mulkoy	42.815278	45.534167	Chechen
Baginaul	42.816586	45.926653	Chechen
Bakinaul	42.818714	45.930168	Chechen
Pariaul	42.821457	46.024116	Chechen
Dzheyrakh	42.821997	44.679701	Ingush
Nikaroy	42.822218	45.366323	Chechen
Keymekhki	42.8225	45.224167	Chechen
Pyaling	42.822778	44.986389	Ingush
Bogacheroy	42.824533	45.86431	Chechen
Verkhniy Karanay	42.8281	46.9072	Avar
Erdychi	42.830556	45.190278	Chechen
Tumsoy	42.833333	45.63	Chechen
Gaziaul	42.833774	45.936593	Chechen
Musolt-aul	42.833849	45.772461	Chechen
Dzhubikaul	42.834107	45.924044	Chechen
Beyni	42.834193	44.717048	Ingush
Egikkhal	42.835294	44.923332	Ingush
Dekh-yiste	42.835555	45.731973	Chechen
Kafyr-Kumukh	42.83754	47.15412	Kumyk
Ochaki	42.838889	45.322222	Chechen
Khal-kiloy	42.838889	45.818056	Chechen
Kozhvinchu	42.840278	45.223611	Chechen
Nikhaloy	42.840278	45.662778	Chechen
Satti	42.840278	45.706111	Chechen
Khakhalgi	42.840278	45.155556	Chechen
Aslanbek-sheripovo	42.841637	45.754997	Chechen
Muskali	42.841914	45.736043	Chechen
Urdyukhoy	42.842357	45.702284	Chechen
Borzoy	42.8425	45.628056	Chechen
Danukh	42.84282	46.6275	Chechen
Khalimbekaul	42.8447	47.1406	Kumyk
Vyardy	42.845041	45.690766	Chechen
Zengali	42.845833	45.272222	Chechen
Nizhnie Ishkarty	42.84698	46.97147	Kumyk
Khay-khecaguni	42.847034	45.900792	Chechen
Nizhniy Karanay	42.84729	46.940488	Avar
Bicy	42.847648	45.277371	Chechen
Kerety	42.84784	45.28642	Chechen
Verkhnie Ishkarty	42.84907	46.95309	Kumyk
Ryadukhoy	42.850278	45.649444	Chechen
Yukerch-keloy	42.851387	45.734965	Chechen
Leshkoroy	42.8525	45.876389	Chechen
Peshkhoy	42.853158	45.480087	Chechen
Gorgachi	42.855068	45.666837	Chechen
Gush-kert	42.85526	45.685567	Chechen
Pamyatoy	42.856111	45.693889	Chechen
Akka	42.856944	45.240278	Chechen
Chuush	42.85702	45.3187	Chechen
Vovga	42.857222	45.238333	Chechen
Bekum-kale	42.857429	45.714459	Chechen
Machi	42.86143	45.30445	Chechen
Chikondi-pade	42.86193	45.26158	Chechen
Khiloy	42.862804	45.41693	Chechen
Artlukh	42.8631	46.6683	Avar
Ami	42.869444	45.305556	Chechen
Vysokogornoe	42.871377	45.617187	Chechen
Shatoy	42.871667	45.699167	Chechen
Kirbit	42.87523	45.31163	Chechen
Irzitkale	42.8764	45.25482	Chechen
Khaybakh	42.877222	45.357778	Chechen
Khakkoy	42.881667	45.674722	Chechen
Ityrkale	42.88168	45.25964	Chechen
Kirbichu	42.88328	45.32175	Chechen
Galanchozh	42.883333	45.3	Chechen
Mocaroy	42.889705	45.370211	Chechen
Syuzhi	42.890278	45.639722	Chechen
Charmakhoy	42.891111	45.390833	Chechen
Takalay	42.89677	47.1644	Kumyk
Keychu	42.898333	45.443333	Chechen
Amki	42.898611	45.2875	Chechen
Novyy Khushet	42.900261	47.561244	Avar
Bol'shie varandy	42.901111	45.684167	Chechen
Kharachoy	42.904167	46.138611	Chechen
Tol'	42.911111	45.284722	Chechen
Kharsenoy	42.914167	45.549722	Chechen
Imanaliroso	42.91429	46.76761	Avar
Mushechu	42.914444	45.408889	Chechen
Basary yalkhora	42.915278	45.277778	Chechen
Yalkhoroy	42.916667	45.283333	Chechen
Kel-baza	42.922338	45.455311	Chechen
Agachaul	42.92306	47.46064	Kumyk
Akhsu	42.92342	46.694116	Avar
Duc-khutor	42.928047	45.850196	Chechen
Khoch-koch	42.92909	45.42358	Chechen
Dzhenchu	42.929167	45.305556	Chechen
Kel'-aul	42.936872	45.871524	Chechen
Malyy kharsenoy	42.939051	45.5161	Chechen
Yakhkachara	42.939444	45.430556	Chechen
Sakilinzhili	42.94052	45.39714	Chechen
Zarkha	42.940751	45.42166	Chechen
Sel'mentauzen	42.940833	45.863056	Chechen
Tarki	42.94423	47.49527	Kumyk
Lem-korc	42.946425	46.313219	Chechen
Benoy-vedeno	42.9475	46.280833	Chechen
Zony	42.948333	45.722222	Chechen
Dyshne-vedeno	42.951389	46.134722	Chechen
Nizhniy azhgechu	42.952566	45.402498	Chechen
Gurchu	42.955419	45.313221	Chechen
Neftyanka	42.956646	46.085505	Chechen
Vedeno	42.956944	46.110278	Chechen
yokka-yerbala	42.96084	45.26747	Chechen
Verkhniy azhgechu	42.9625	45.385776	Chechen
Chirkey	42.9633	46.9767	Avar
Eshilkhatoy	42.963561	46.053813	Chechen
Makhkety	42.963611	45.906389	Chechen
Magusty	42.964722	45.380556	Chechen
Bonchu-diga	42.96511	45.33223	Chechen
Alkun	42.967123	45.022044	Ingush
Kyakhulay	42.96839	47.48301	Avar
Alkhan-khutor	42.969722	46.351667	Chechen
Zhima-yerbala	42.97189	45.25772	Chechen
Elistanzhi	42.9725	46.017222	Chechen
Al'burikent	42.97389	47.47111	Avar
Tevzana	42.975278	45.911111	Chechen
Oktyabr'skoe	42.980278	46.080833	Chechen
Khattuni	42.980278	45.936944	Chechen
Belgatoy	42.980833	46.213056	Chechen
Tazen-kala	42.980989	46.182928	Chechen
Bulgat-irzu	42.981873	46.372068	Chechen
Pachu	42.983333	46.316667	Chechen
Almak	42.985693	46.580315	Avar
Kechnyukhi	42.986147	45.273358	Chechen
Osi-yurt	42.986703	46.299984	Chechen
Ulus-kert	42.988056	45.76	Chechen
Semender	42.98833	47.40361	Avar
Burtunay	42.992004	46.630332	Avar
Sterch-kerch	42.992102	46.344103	Chechen
Gertma	42.996711	46.74415	Avar
Yaryshmardy	42.996944	45.711667	Chechen
Dengi-yurt	42.997483	46.296816	Chechen
Ersenoy	42.9975	46.146389	Chechen
Gurzhi-mokhk	43.00056	46.33806	Chechen
Ozhi-yurt	43.001515	46.316986	Chechen
Dachu-borzoy	43.009167	45.726389	Chechen
Simsir	43.009444	46.465833	Chechen
Chishki	43.010278	45.705833	Chechen
Verkhnee ca-vedeno	43.010956	46.061483	Chechen
Verkhnie kurchali	43.011249	46.194426	Chechen
Datta	43.011389	46.398333	Chechen
Agishbatoy	43.012222	46.108056	Chechen
Srednie kurchali	43.014986	46.186189	Chechen
Mesedoy	43.01556	46.127196	Chechen
Ca-vedeno	43.018333	46.052778	Chechen
Dts «chishki»	43.019082	45.71085	Chechen
Baytarki	43.02	46.475556	Chechen
Dubki	43.02116	46.83746	Avar
Agishty	43.021667	45.891389	Chechen
Gendergen	43.021944	46.334722	Chechen
Korkmaskala	43.0225	47.2883	Kumyk
Chechel'-khi	43.027549	46.429399	Chechen
Nizhnie kurchali	43.02774	46.16736	Chechen
Muzhichi	43.02805	44.995741	Ingush
Zandak-ara	43.028604	46.352359	Chechen
Dattykh	43.030344	45.09973	Ingush
Verkhatoy	43.030871	46.02981	Chechen
Guni	43.0311	46.6992	Avar
Akaytala	43.03176	46.92583	Avar
Shamkhal-Termen	43.03389	47.31053	Avar
Engenoy	43.0375	46.284444	Chechen
Tatay-khutor	43.038611	46.485556	Chechen
Sherdy-mokhk	43.03978	46.156553	Chechen
Duba-yurt	43.040278	45.730278	Chechen
Ekibulak	43.04196	47.07152	Kumyk
Gordali	43.042119	46.226801	Chechen
Pionerskoe	43.042469	45.708575	Chechen
Bas-gordali	43.044439	46.213426	Chechen
Lakha-varandy	43.044444	45.708889	Chechen
Khubar	43.0514	46.7547	Avar
Tyube	43.051429	47.286806	Avar
Khochi-ara	43.051831	46.320541	Chechen
Gezinchu	43.052957	46.171268	Chechen
Mekhkeshty	43.055158	46.394023	Chechen
Bil'ty	43.056106	46.347876	Chechen
Goy-chu	43.056111	45.608611	Chechen
Shamkhal	43.056632	47.344526	Avar
Guni	43.056667	46.106111	Chechen
Zandak	43.058333	46.455833	Chechen
Dzhankhoy-khutor	43.061111	46.136389	Chechen
Sayasan	43.061111	46.290833	Chechen
Alkhazurovo	43.062222	45.654722	Chechen
Benoy	43.063611	46.014167	Chechen
Khashki-mokhk	43.064966	46.19528	Chechen
Martan-chu	43.068056	45.555278	Chechen
Dylym	43.0703	46.6386	Avar
Tangi-chu	43.071667	45.511667	Chechen
Gostala	43.07334	46.6925	Avar
Rogun-kazha	43.074444	46.348611	Chechen
Enikali	43.074444	46.1525	Chechen
Isay-yurt	43.07445	46.275598	Chechen
Ishkhoy-khutor	43.077261	46.358045	Chechen
Gilyany	43.078889	46.48	Chechen
Achereshki	43.080475	46.136395	Chechen
Malye shuani	43.080556	46.222778	Chechen
Church-irzu	43.081259	46.396071	Chechen
Miatli	43.08173	46.8286	Avar
Sovragi	43.085328	46.334168	Chechen
Marzoy-mokhk	43.086401	46.101729	Chechen
Goyskoe	43.086667	45.600278	Chechen
Roshni-chu	43.088889	45.4575	Chechen
Koren-benoy	43.089976	46.146151	Chechen
Ayti-mokhk	43.090278	46.346944	Chechen
Shalazhi	43.092778	45.359722	Chechen
Turty-khutor	43.093333	46.27	Chechen
Gekhi-chu	43.094444	45.412222	Chechen
Regita	43.095556	46.124722	Chechen
Galashki	43.095888	44.98533	Ingush
Inchkha	43.0964	46.7675	Avar
Almalo	43.0967	47.2253	Avar
Nozhay-yurt	43.097222	46.379167	Chechen
Starye atagi	43.1	45.738583	Chechen
Bel'ty	43.10407	46.168959	Chechen
Dakhadaevka	43.1069	47.44029	Kumyk
Yalkhoy-mokhk	43.107778	46.189722	Chechen
Serzhen'-yurt	43.109722	45.974167	Chechen
Khidi-khutor	43.11	46.146944	Chechen
Chapaevo	43.11009	46.4862	Lak
Devlatbi-hutor	43.110833	46.3	Chechen
Dzhaglargi	43.111389	46.109167	Chechen
Shovkhal-berdy	43.1125	46.319444	Chechen
Uchkent	43.1136	47.0794	Avar
Betti-mokhk	43.11527	46.33604	Chechen
Niki-khita	43.115634	46.069614	Chechen
Novolakskoe	43.1169	46.4839	Chechen
Usum-khutor	43.117337	46.16837	Chechen
Bogatyrevka	43.118523	47.368198	Avar
Dilchu (kutan)	43.118718	47.464063	Lak
Balansu	43.120833	46.387778	Chechen
Gansolchu	43.124492	46.2406	Chechen
Beshil-irzu	43.124972	46.304227	Chechen
Temirgoe	43.127436	47.136434	Avar
Novye atagi	43.127778	45.791111	Chechen
Yandi	43.128056	45.328889	Chechen
Urus-martan	43.129167	45.541667	Chechen
Duchi	43.129826	47.460438	Chechen
Akhkinchu-borzoy	43.13	46.195833	Chechen
Staryy achkhoy	43.130556	45.2975	Chechen
Novyy zamay-yurt	43.134106	46.358098	Chechen
Yamansu (Shushiya)	43.13546	46.425114	Chechen
Banayyurt (Akhar)	43.1375	46.4225	Chechen
Arshty	43.139052	45.129402	Ingush
Shali	43.14	45.903889	Chechen
Sogunty	43.141111	46.343889	Chechen
Ali-yurt	43.141775	44.85396	Ingush
Zamay-yurt	43.150833	46.378889	Chechen
Gel'bakh (V. Chiryurt)	43.15101	46.85751	Avar
Bamut	43.1575	45.199722	Chechen
Dzhigurty	43.16	46.176667	Chechen
Avtury	43.160556	46.013889	Chechen
Gekhi	43.161389	45.471111	Chechen
Meskety	43.161389	46.357778	Chechen
Novyy Chirkey	43.1617	47.0567	Avar
Charavali	43.16188	46.50747	Chechen
Goyty	43.164167	45.622222	Chechen
Novokuli	43.1656	46.5211	Lak
Magas	43.166667	44.816667	Ingush
Bavtugay	43.16808	46.83415	Avar
Kul'zeb	43.1686	47.0108	Avar
Katyr-yurt	43.168611	45.368056	Chechen
Nizhniy Chiryurt	43.17299	46.86328	Avar
Galayty	43.174167	46.388056	Chechen
Staryy Bavtugay	43.17479	46.83946	Avar
Valerik	43.176389	45.404167	Chechen
Chemul'ga	43.178142	45.124479	Ingush
Alkhasty	43.181337	44.993549	Ingush
Endirey	43.182964	46.662014	Kumyk
Surkhakhi	43.183333	44.9	Ingush
Khachta	43.18498	47.07371	Avar
Stal'skoe	43.1878	46.9731	Avar
Germenchuk	43.188889	45.924444	Chechen
Achkhoy-martan	43.189167	45.284722	Chechen
Novye Gadari	43.19425	46.76904	Avar
Komsomol'skoe	43.1956	46.8964	Avar
Zubutli-Miatli (TsIobok'-Miyak'o)	43.1978	46.8122	Avar
Ekazhevo	43.2	44.816667	Ingush
Shushanovka	43.20156	46.98195	Avar
Kizilyurt	43.20182	46.87756	Avar
Chechen-aul	43.203333	45.783333	Chechen
Mayrtup	43.204167	46.131944	Chechen
Kurchaloy	43.204444	46.087778	Chechen
Albaniya (Tonokh-Kuli)	43.2056	46.6933	Avar
Toturbiykala	43.2056	46.6933	Kumyk
Arkida	43.20583	47.0625	Avar
Gamiyakh	43.2075	46.4886	Avar
Novyy Sulak	43.21068	46.81809	Avar
Novochurtakh	43.2131	46.5436	Avar
Alleroy	43.213889	46.289722	Chechen
Geldagana	43.215278	46.040278	Chechen
Ishkhoy-yurt	43.215833	46.391111	Chechen
Bachi-yurt	43.216389	46.193889	Chechen
Nazran'	43.216667	44.766667	Ingush
Berd-yurt	43.219063	45.110379	Ingush
Tukhchar	43.2192	46.4139	Avar
Sultan-Yangiyurt	43.21961	46.86187	Avar
Shaami-yurt	43.22	45.386389	Chechen
Centaroy	43.221944	46.245833	Chechen
Goksuv	43.2222	46.82137	Avar
Kantyshevo	43.226647	44.637807	Ingush
Gikalo	43.229167	45.733611	Chechen
Dolakovo	43.23	44.591667	Ingush
Karlanyurt	43.2303	46.6447	Avar
Alkhan-yurt	43.230833	45.565556	Chechen
Khambi-irzi	43.234167	45.451667	Chechen
Nesterovskaya	43.235556	45.049167	Ingush
Kirovaul	43.2361	46.8469	Avar
Kokrek	43.23639	46.72665	Avar
Kulary	43.238333	45.500278	Chechen
Coci-yurt	43.238333	46.000556	Chechen
Krasnopartizanskiy	43.243264	45.546768	Chechen
Khasavyurt	43.246769	46.58939	Chechen
Gerzel'-aul	43.249167	46.3975	Chechen
Novomekhel'ta	43.249918	46.54397	Avar
Mesker-yurt	43.251389	45.909444	Chechen
Tsiyab-Tsoloda (Gerzel'-Kutan)	43.251968	46.413657	Avar
Koshkel'dy	43.253056	46.349167	Chechen
Petrakovskoe	43.25332	46.6321	Avar
Temiraul	43.2539	46.8272	Kumyk
Novyy sharoy	43.254444	45.277778	Chechen
Prigorodnoe	43.254444	45.756944	Chechen
Verkhniy noyber	43.255556	46.283056	Chechen
Bayram	43.25691	46.6513	Avar
Gazi-yurt	43.260278	44.841389	Ingush
Alkhan-kala	43.260556	45.535278	Chechen
Mogilyovskoe	43.26106	46.62714	Avar
Barsuki	43.261289	44.810823	Ingush
Zakan-yurt	43.263611	45.419167	Chechen
Nizhniy noybera	43.266667	46.278889	Chechen
Yandare	43.269167	44.908611	Ingush
Nechaevka	43.2703	46.9131	Chamalal
Davydenko	43.271389	45.26	Chechen
Komsomol'skoe	43.271389	45.825556	Chechen
Matseevka	43.27151	46.98244	Chamalal
Bammatbekyurt	43.27167	46.61972	Chechen
Mutsalaul	43.2719	46.7311	Avar
Khamavyurt	43.2722	46.4286	Chechen
Solnechnoe	43.2761	46.5069	Chechen
Ilaskhan-yurt	43.278889	46.098333	Chechen
Plievo	43.28043	44.838204	Ingush
Bil'toy-yurt	43.2825	46.295278	Chechen
Akhtini	43.28282	47.02641	Avar
Nuradilovo	43.284357	46.4645	Chechen
Gordali-yurt	43.285278	46.315833	Chechen
Adzhidada	43.2861	47.0731	Avar
Pokrovskoe	43.2886	46.6658	Chechen
Samashki	43.292222	45.303889	Chechen
Genzheaul	43.2934	46.75729	Chechen
Argun	43.294444	45.883889	Chechen
Bayramaul	43.296175	46.730134	Chechen
Shamkhal-Yangi-Yurt	43.29968	47.23072	Kumyk
Karabulak	43.3	44.9	Ingush
Primykanie	43.302662	45.823233	Chechen
Centora-yurt	43.302778	45.828056	Chechen
Chontaul	43.30481	46.85967	Avar
Laklakyurt	43.30534	46.80168	Kumyk
Osmanyurt	43.3056	46.5308	Chechen
Troickaya	43.305922	44.987378	Ingush
Batashyurt	43.3069	46.5108	Kumyk
Novyy yengenoy	43.308333	46.026111	Chechen
Boragangechuv	43.30852	46.43596	Chechen
Arada	43.30962	47.15059	Avar
Melchkhi	43.310035	46.18759	Chechen
Simsir	43.31315	46.54329	Chechen
Kadi-yurt	43.313889	46.311944	Chechen
Batayurt	43.315233	46.680623	Kumyk
Groznyy	43.316667	45.7	Chechen
Samilakh	43.31816	47.06008	Avar
Dzhalka	43.318889	45.993611	Chechen
Berkat-yurt	43.323611	45.829722	Chechen
Umashaul	43.32606	46.69719	Avar
Engel'-yurt	43.326944	46.353889	Chechen
Shuani	43.335556	46.193889	Chechen
Novyy Kostek	43.3356	46.8281	Dargwa
Kostek	43.3411	46.8536	Kumyk
Sadovoe	43.34119	46.77181	Avar
Kandauraul	43.3414	46.5664	Chechen
Bammatyurt	43.3442	46.6075	Chechen
Verkhnie achaluki	43.345475	44.70157	Ingush
Adzhimazhagatyurt	43.35055	46.50783	Kumyk
Akaro (Yazykovka)	43.352007	46.977198	Avar
Krasnostepnovskoe	43.352778	45.446678	Chechen
Gudermes	43.355278	46.099167	Chechen
Il'inovskaya	43.364167	45.95	Chechen
Aksay	43.3686	46.4461	Avar
Srednie achaluki	43.369898	44.733855	Ingush
Pyatiletka	43.37262	46.96553	Avar
Artsalu	43.375	47.20861	Lak
Novosasitli	43.38468	46.58564	Avar
Petropavlovskaya	43.386389	45.828889	Chechen
Abdurashid	43.38644	46.67183	Avar
Tsiab-Ichichali	43.38712	46.61917	Avar
Proletarskoe	43.3875	45.597222	Chechen
Kaziyurt	43.38808	47.03489	Karata
Gunyushki	43.393951	45.38172	Chechen
Darbankhi	43.3975	46.031944	Chechen
Kerla-yurt	43.399879	45.307771	Chechen
Geyrbek-yurt	43.400246	44.595955	Ingush
Pobedinskoe	43.400833	45.433056	Chechen
Nizhnie achaluki	43.400979	44.760661	Ingush
Chalo	43.40184	46.97071	Bagvalal
Pervomayskaya	43.401944	45.522778	Chechen
Druzhba	43.403333	45.6575	Chechen
Raduzhnoe	43.404981	45.397468	Chechen
Dolinskiy	43.405892	45.383715	Chechen
Sadovoe	43.408459	45.595744	Chechen
Khangish-yurt	43.413056	46.236111	Chechen
Nagornoe	43.417064	45.1803	Chechen
Azamat-yurt	43.418889	46.286111	Chechen
Umarotar	43.42388	46.69025	Chechen
Novosel'skoe	43.4275	46.4667	Chechen
Goryacheistochnenskaya	43.428611	45.774167	Chechen
Arkhida (Asel'der-otar)	43.429	46.78533	Avar
Kazmaaul	43.4306	46.7644	Kumyk
Moksob	43.434004	46.48603	Avar
Kemsiyurt	43.43439	46.43548	Chechen
Terechnoe	43.4358	46.4008	Avar
Sentukh	43.43724	46.89029	Avar
Braguny	43.44	46.096944	Kumyk
Kadyrotar	43.44099	46.65515	Chechen
Tolstoy-yurt	43.444444	45.778889	Chechen
Chervlyonnaya-uzlovaya	43.446667	45.976944	Chechen
Khamzayurt	43.4509	46.98475	Avar
Bartkhoy	43.453913	45.230875	Chechen
Nusi	43.45602	46.9706	Avar
Novogagatli	43.4561	46.4819	Andi
Akbulatyurt	43.45934	46.38598	Chechen
Adil'otar	43.4603	46.6761	Chechen
Kirpichkutan	43.46198	46.61053	Karata
Vinogradnoe	43.463333	45.861111	Kumyk
Tutlar	43.46703	46.68876	Chechen
Inkhelo (Novoe Inkhelo)	43.46797	46.61451	Karata
Psedakh	43.469167	44.568889	Ingush
Chagarotar	43.4692	46.5403	Kumyk
Staro-shhedrinskaya	43.469722	46.106667	Chechen
Sulevkent	43.470028	46.754764	Dargwa
Inarki	43.470756	44.541697	Ingush
Novyy redant	43.470833	44.801389	Ingush
Paraboch	43.47266	46.294588	Chechen
Mayskiy	43.473425	45.12623	Chechen
Khar'kovskoe	43.476667	46.333889	Chechen
Shagada	43.479	46.72585	Avar
Novoe Kheleturi	43.47958	46.784633	Avar
Sagopshi	43.480556	44.589722	Ingush
Novo-shhedrinskaya	43.485833	46.101389	Chechen
Tsiyab-Tsilitli (Novo-Tsilitli)	43.48694	46.67833	Avar
Novyy Borch	43.48722	47.04556	Rutul
Glavnyy-Kut	43.488244	47.443771	Lak
Shelkozavodskaya	43.491389	46.308056	Chechen
Indira	43.495013	46.80715	Karata
Akhtachikan	43.49528	47.11944	Avar
Zyazikov-yurt	43.495711	44.767656	Ingush
Kamyshkutan	43.500222	46.621832	Akhvakh
Chervlyonnaya	43.501389	45.883333	Chechen
Naberezhnyy	43.506683	45.787822	Chechen
Zebir-yurt	43.508333	45.357778	Chechen
Shelkovskaya	43.509167	46.327778	Chechen
Kobi	43.513056	46.244722	Chechen
Orlinoe	43.514868	45.109405	Chechen
Malgobek	43.516667	44.583333	Ingush
Yuzhnoe	43.51706	44.747915	Ingush
Dzerzhinskoe	43.5192	46.4731	Avar
Aki-yurt	43.519639	44.865097	Ingush
Kharib	43.520028	46.5541444	Avar
Komarovo	43.521389	45.0425	Chechen
Kazankulak	43.52334	47.13435	Rutul
Anduz	43.52361	46.87639	Karata
Pravoberezhnoe	43.524444	45.699722	Chechen
Grebenskaya	43.526667	46.369167	Chechen
Narysh	43.52692	46.69469	Avar
Gazgorodok	43.529071	45.69083	Chechen
Nikolaevskaya	43.531389	45.772222	Chechen
Utsmiyurt	43.5342	46.4703	Avar
Arussi (kutan)	43.53997	47.23676	Lak
Germenchik	43.5403	46.7256	Chechen
Voznesenskaya	43.542673	44.75334	Ingush
Kharazma (kutan)	43.5442	47.14727	Lak
Ken'-yurt	43.544444	45.512222	Chechen
Usad'ba goskhoza «mineral'nyy»	43.545966	45.326088	Chechen
Terskoe	43.551944	45.563611	Chechen
Gondokori	43.55252	46.89127	Avar
Novaya Kosa	43.553007	47.367407	Nogai
Voskresenovskoe	43.554722	46.385278	Chechen
Oraz-aul	43.556944	45.960278	Chechen
Kalaus	43.561111	45.098611	Chechen
Tatayurt	43.5619	46.9961	Chechen
Adil'-Yangiyurt	43.5633	46.5853	Kumyk
Orazgulaul	43.564682	47.344642	Nogai
Ibragimotar	43.56491	46.46879	Avar
Chankayurt	43.56935	46.56515	Chechen
Levoberezhnoe	43.570556	45.630556	Chechen
Shakhbulatotar	43.57167	46.70056	Nogai
Karshyga-aul	43.572778	46.17	Chechen
Gemetyube	43.5747	46.9014	Nogai
Luguvalu (kutan)	43.576019	47.285419	Lak
Kalinovskaya	43.576944	45.522222	Chechen
Tamazatyube	43.578224	47.159585	Nogai
Obil'nyy	43.578322	45.746836	Chechen
Podgornoe	43.583611	45.4425	Chechen
Novoe solkushino	43.587222	45.681944	Chechen
Sangar (kutan)	43.59215	47.1715	Lak
Yubileynoe	43.596298	45.641154	Chechen
Balasma (kutan)	43.59744	47.15083	Lak
Vezhariy	43.597558	44.57435	Ingush
Turshunay	43.6003	46.6642	Avar
Novokare	43.6011	46.9675	Avar
Babayurt	43.601403	46.783386	Avar
Novoterskoe	43.602222	45.589444	Chechen
Khamamatyurt	43.60809	46.5006	Kumyk
Meken-yurt	43.608611	45.405833	Chechen
Verkhniy naur	43.613611	45.2475	Chechen
Nadterechnoe	43.618611	45.338889	Chechen
Muzhukay	43.6283	46.9013	Kumyk
Savel'evskaya	43.630278	45.459722	Chechen
Ul'yanovskoe	43.630556	45.601389	Chechen
Yangylbay	43.63059	46.93654	Nogai
Khasanay	43.63109	46.70978	Kumyk
Starogladovskaya	43.635833	46.416389	Chechen
Frunzenskoe	43.6375	45.663611	Chechen
Naurskaya	43.648611	45.314722	Chechen
Bratskoe	43.649167	44.883611	Chechen
Bezhanov	43.650834	45.674939	Chechen
Ankhvala	43.65583	46.90389	Avar
Lyuksemburg	43.6617	46.7442	Kumyk
Tamazatyube (staroe)	43.66258	47.171012	Nogai
Semikolodcev	43.662959	45.773835	Chechen
Karatyube	43.66738	46.82335	Tsez
Mekenskaya	43.668889	45.384444	Chechen
Gvardeyskoe	43.673333	45.051944	Chechen
Chernokozovo	43.673611	45.361111	Chechen
Znamenskoe	43.677778	45.128056	Chechen
Shuguri	43.67833	47.05861	Tindi
Karaozek (Karauzek)	43.68663	46.66615	Bezhta
Beno-yurt	43.689722	45.051944	Chechen
Kurdyukovskaya	43.691111	46.45	Chechen
Mirnyy	43.694859	45.476983	Chechen
Kotlankin	43.695278	45.767778	Chechen
Aytkhan	43.69773	46.82498	Andi
Kachalay	43.70198	46.70946	Bezhta
Alpatovo	43.704722	45.240833	Chechen
Dzhugut	43.70835	46.86498	Andi
Ishhyorskaya	43.715278	45.133333	Chechen
Postnyy	43.72376	45.632907	Chechen
Kozlov	43.72561	45.555419	Chechen
Rubezhnoe	43.728611	45.172222	Chechen
Sitnikov	43.732241	45.514123	Chechen
Kargalinskaya	43.743056	46.476389	Chechen
Klinkov	43.753473	45.445968	Chechen
Svobodnoe	43.75891	45.25946	Chechen
Zarechnoe	43.76292	46.58238	Avar
Batyrkin	43.770778	45.675793	Chechen
Novyy Biryuzyak	43.77431	47.294614	Avar
Kapustino	43.776929	45.334864	Chechen
Rybalko	43.78321	46.65519	Avar
Nyrkov	43.785403	45.386589	Chechen
Dal'nee	43.789633	45.092068	Chechen
Dubovskaya	43.793333	46.5525	Chechen
Borozdinovskaya	43.81	46.590833	Chechen
Kardonovka	43.8158	46.8478	Avar
Yuzhnoe	43.8169	46.7242	Avar
Zelyonoe	43.818442	45.983529	Chechen
Mayorskiy	43.835318	45.489437	Chechen
Novonadezhdovka	43.83556	46.93295	Avar
Sary-su	43.839722	46.4325	Nogai
Yefimovka	43.84302	46.79782	Avar
Kizlyar	43.84465	46.718689	Avar
Krasnooktyabr'skoe	43.84705	46.65553	Avar
Novogladovka	43.84923	46.89421	Avar
Voskhod	43.852125	46.40915	Chechen
Staroterechnoe	43.85585	47.46163	Avar
Imeni Zhdanova	43.85694	46.69528	Avar
Burunskoe	43.860278	45.777778	Chechen
Krasnyy Voskhod	43.86232	46.67508	Avar
Imeni Kirova	43.86396	46.70564	Avar
Novomonastyrskoe	43.865916	46.607527	Avar
Bol'shezadoevskoe	43.8661	46.8289	Avar
Novokokhanovskoe	43.8672	46.6508	Avar
Malaya Zadoevka	43.86766	46.85721	Avar
Mulla-Ali	43.86792	46.88344	Avar
Selivankin	43.877187	45.6737	Chechen
Imeni Shaumyana	43.87796	46.68821	Avar
Persidskoe	43.884078	46.894044	North Azerbaijani
Novokrest'yanovskoe	43.88459	46.57013	Nogai
Pervokizlyarskoe	43.88591	46.67872	Avar
Burumbay	43.888168	46.968787	Nogai
Stepnoe	43.89479	46.49285	Nogai
Bol'shebredikhinskiy	43.8967	46.8539	North Azerbaijani
Imeni Karla Marksa	43.897	46.78746	Avar
Zarya Kommuny	43.89784	46.73016	Avar
Sangishi	43.89977	47.03304	Nogai
Maloe Kozyrevskoe	43.90025	46.81582	Avar
Kuznetsovskoe	43.90277	46.63276	Avar
Aleksandriyskaya	43.9047	47.1297	Avar
Krechetovo	43.906622	45.0916	Chechen
Peschanoe	43.908765	45.805986	Chechen
Novovladimirskoe	43.9128	46.95124	Nogai
Ukrainskoe	43.91396	47.00889	Chechen
Vinogradnoe	43.9167	46.81963	Avar
Korneev	43.918603	45.602841	Chechen
Runnoe	43.919694	46.044794	Chechen
Aleksandro-Nevskoe	43.92181	46.55817	Lezgian
Mangulaul	43.92672	47.31052	Nogai
Khutseevka	43.92938	46.78123	Avar
Novogeorgievka	43.9314	46.6339	Avar
Lopukhovka	43.93463	47.4079	Chechen
Tsvetkovka	43.93939	46.83366	Avar
Chernyaevka	43.9458	47.0342	Lezgian
Novoromanovka	43.9567	46.6444	Avar
Kollektivizator	43.95942	47.39102	Avar
Sar-Sar	43.96993	47.0777	Lezgian
Kraynovka	43.9772	47.3719	Avar
Komsomol'skiy	43.97833	46.69852	Avar
Rassvet	43.9786	46.7111	Avar
Serebryakovka	43.98115	46.8328	Chamalal
Kumli	43.9906	46.0658	Nogai
Plodopitomnik	43.99533	46.73344	Avar
Karabagly	44.0089	46.5964	Armenian
Novoterechnoe	44.01557	47.34915	Avar
Malaya Areshevka	44.0208	46.8231	Avar
Kerlikent	44.02694	46.74889	Avar
Vyshetalovskiy	44.035	46.72333	Nogai
Vyshetalovka	44.042518	46.725504	Tsez
Oguzer	44.0508	47.0619	Nogai
Imeni Kalinina	44.05499	46.93192	Lak
Tarumovka	44.0733	46.5364	Avar
Edige	44.07361	46.35778	Nogai
Novodmitrievka	44.0808	46.4847	Nogai
Karasu	44.08328	45.90582	Nogai
Krasnoe (Selo)	44.100232	46.877563	Avar
Bol'shaya Areshevka	44.107833	46.916939	Avar
Chubutla	44.112498	46.374184	Avar
Makarovskoe	44.121013	46.892273	Nogai
Novyy Bakhtemir	44.131866	47.265502	Avar
Sulutyube	44.13378	45.81648	Nogai
Chervlennye Buruny	44.16142	45.62342	Nogai
Terekli-Mekteb	44.1671	45.86975	Nogai
Batyr-Murza	44.176052	45.695673	Nogai
Yurkovka	44.1789	46.6797	Avar
Nariman	44.189709	45.835784	Nogai
Razdol'e	44.1942	46.5856	Avar
Boranchi	44.21684	45.53166	Nogai
Uy-Salgan	44.21889	45.15639	Nogai
Shumly-Olik	44.24283	45.68992	Dargwa
Ortatyube	44.24611	45.28167	Nogai
Karagas	44.2514	45.3853	Nogai
Novyy Chechen'	44.254761	47.07089	Avar
Kunbatar	44.29337	45.58396	Nogai
Tushilovka	44.3092	46.8814	Avar
Kochubey	44.39179	46.54615	Avar
Beretbinə	41.6415	46.4875057	Avar
Bertala	41.548748	46.444793	Avar
Kikakoba	41.65315	46.656482	Avar
Kurush	41.28083	47.83	Lezgian
Duisi	42.1496689	45.2735209	Chechen
Dzibakhevi	42.2089029	45.2942061	Chechen
Dzhokolo	42.1725633	45.2979827	Chechen
Shua Khalatsani	42.1400039	45.3184987	Chechen
Birkiani	42.1893702	45.2992057	Chechen
Omalo (Pankisi)	42.1844732	45.3140331	Chechen
